time,DFII10
01-07-13,-0.6
01-08-13,-0.6
01-09-13,-0.64
01-10-13,-0.62
01-11-13,-0.63
01-14-13,-0.66
01-15-13,-0.66
01-16-13,-0.65
01-17-13,-0.64
01-18-13,-0.66
01-21-13,
01-22-13,-0.68
01-23-13,-0.66
01-24-13,-0.62
01-25-13,-0.56
01-28-13,-0.55
01-29-13,-0.53
01-30-13,-0.54
01-31-13,-0.57
02-01-13,-0.55
02-04-13,-0.59
02-05-13,-0.55
02-06-13,-0.58
02-07-13,-0.58
02-08-13,-0.57
02-11-13,-0.58
02-12-13,-0.57
02-13-13,-0.54
02-14-13,-0.56
02-15-13,-0.53
02-18-13,
02-19-13,-0.52
02-20-13,-0.52
02-21-13,-0.54
02-22-13,-0.57
02-25-13,-0.62
02-26-13,-0.62
02-27-13,-0.61
02-28-13,-0.64
03-01-13,-0.67
03-04-13,-0.65
03-05-13,-0.65
03-06-13,-0.61
03-07-13,-0.56
03-08-13,-0.5
03-11-13,-0.5
03-12-13,-0.52
03-13-13,-0.52
03-14-13,-0.53
03-15-13,-0.55
03-18-13,-0.6
03-19-13,-0.61
03-20-13,-0.57
03-21-13,-0.57
03-22-13,-0.6
03-25-13,-0.6
03-26-13,-0.61
03-27-13,-0.64
03-28-13,-0.64
03-29-13,
04-01-13,-0.65
04-02-13,-0.63
04-03-13,-0.65
04-04-13,-0.7
04-05-13,-0.74
04-08-13,-0.69
04-09-13,-0.67
04-10-13,-0.6
04-11-13,-0.65
04-12-13,-0.68
04-15-13,-0.69
04-16-13,-0.65
04-17-13,-0.64
04-18-13,-0.55
04-19-13,-0.59
04-22-13,-0.63
04-23-13,-0.64
04-24-13,-0.65
04-25-13,-0.66
04-26-13,-0.68
04-29-13,-0.67
04-30-13,-0.64
05-01-13,-0.64
05-02-13,-0.62
05-03-13,-0.53
05-06-13,-0.51
05-07-13,-0.5
05-08-13,-0.48
05-09-13,-0.5
05-10-13,-0.45
05-13-13,-0.41
05-14-13,-0.37
05-15-13,-0.36
05-16-13,-0.4
05-17-13,-0.31
05-20-13,-0.31
05-21-13,-0.34
05-22-13,-0.24
05-23-13,-0.24
05-24-13,-0.26
05-27-13,
05-28-13,-0.14
05-29-13,-0.1
05-30-13,-0.05
05-31-13,-0.05
06-03-13,-0.07
06-04-13,-0.05
06-05-13,-0.06
06-06-13,-0.05
06-07-13,0.03
06-10-13,0.11
06-11-13,0.13
06-12-13,0.21
06-13-13,0.15
06-14-13,0.09
06-17-13,0.15
06-18-13,0.14
06-19-13,0.29
06-20-13,0.46
06-21-13,0.59
06-24-13,0.64
06-25-13,0.64
06-26-13,0.6
06-27-13,0.5
06-28-13,0.53
07-01-13,0.48
07-02-13,0.44
07-03-13,0.48
07-04-13,
07-05-13,0.66
07-08-13,0.58
07-09-13,0.59
07-10-13,0.64
07-11-13,0.56
07-12-13,0.55
07-15-13,0.47
07-16-13,0.41
07-17-13,0.38
07-18-13,0.38
07-19-13,0.29
07-22-13,0.28
07-23-13,0.33
07-24-13,0.44
07-25-13,0.44
07-26-13,0.43
07-29-13,0.45
07-30-13,0.46
07-31-13,0.38
08-01-13,0.48
08-02-13,0.42
08-05-13,0.42
08-06-13,0.39
08-07-13,0.35
08-08-13,0.34
08-09-13,0.33
08-12-13,0.37
08-13-13,0.48
08-14-13,0.5
08-15-13,0.6
08-16-13,0.68
08-19-13,0.75
08-20-13,0.67
08-21-13,0.73
08-22-13,0.79
08-23-13,0.69
08-26-13,0.64
08-27-13,0.57
08-28-13,0.63
08-29-13,0.65
08-30-13,0.68
09-02-13,
09-03-13,0.76
09-04-13,0.83
09-05-13,0.92
09-06-13,0.87
09-09-13,0.84
09-10-13,0.86
09-11-13,0.8
09-12-13,0.81
09-13-13,0.8
09-16-13,0.76
09-17-13,0.7
09-18-13,0.49
09-19-13,0.55
09-20-13,0.52
09-23-13,0.46
09-24-13,0.48
09-25-13,0.45
09-26-13,0.47
09-27-13,0.46
09-30-13,0.45
10-01-13,0.46
10-02-13,0.43
10-03-13,0.43
10-04-13,0.46
10-07-13,0.45
10-08-13,0.48
10-09-13,0.47
10-10-13,0.5
10-11-13,0.5
10-14-13,
10-15-13,0.54
10-16-13,0.5
10-17-13,0.45
10-18-13,0.42
10-21-13,0.44
10-22-13,0.37
10-23-13,0.36
10-24-13,0.36
10-25-13,0.34
10-28-13,0.35
10-29-13,0.35
10-30-13,0.37
10-31-13,0.4
11-01-13,0.5
11-04-13,0.5
11-05-13,0.55
11-06-13,0.48
11-07-13,0.46
11-08-13,0.59
11-11-13,
11-12-13,0.62
11-13-13,0.58
11-14-13,0.51
11-15-13,0.53
11-18-13,0.48
11-19-13,0.53
11-20-13,0.64
11-21-13,0.6
11-22-13,0.56
11-25-13,0.56
11-26-13,0.54
11-27-13,0.58
11-28-13,
11-29-13,0.6
12-02-13,0.66
12-03-13,0.64
12-04-13,0.73
12-05-13,0.76
12-06-13,0.77
12-09-13,0.74
12-10-13,0.69
12-11-13,0.71
12-12-13,0.75
12-13-13,0.72
12-16-13,0.71
12-17-13,0.67
12-18-13,0.72
12-19-13,0.79
12-20-13,0.73
12-23-13,0.76
12-24-13,0.8
12-25-13,
12-26-13,0.8
12-27-13,0.8
12-30-13,0.76
12-31-13,0.8
01-01-14,
01-02-14,0.74
01-03-14,0.75
01-06-14,0.72
01-07-14,0.7
01-08-14,0.72
01-09-14,0.66
01-10-14,0.59
01-13-14,0.57
01-14-14,0.62
01-15-14,0.62
01-16-14,0.61
01-17-14,0.58
01-20-14,
01-21-14,0.59
01-22-14,0.62
01-23-14,0.66
01-24-14,0.61
01-27-14,0.64
01-28-14,0.62
01-29-14,0.55
01-30-14,0.57
01-31-14,0.53
02-03-14,0.47
02-04-14,0.51
02-05-14,0.56
02-06-14,0.57
02-07-14,0.53
02-10-14,0.51
02-11-14,0.56
02-12-14,0.59
02-13-14,0.56
02-14-14,0.59
02-17-14,
02-18-14,0.57
02-19-14,0.6
02-20-14,0.63
02-21-14,0.61
02-24-14,0.59
02-25-14,0.55
02-26-14,0.51
02-27-14,0.49
02-28-14,0.49
03-03-14,0.44
03-04-14,0.52
03-05-14,0.52
03-06-14,0.53
03-07-14,0.57
03-10-14,0.57
03-11-14,0.57
03-12-14,0.54
03-13-14,0.49
03-14-14,0.48
03-17-14,0.52
03-18-14,0.5
03-19-14,0.62
03-20-14,0.66
03-21-14,0.61
03-24-14,0.59
03-25-14,0.61
03-26-14,0.57
03-27-14,0.56
03-28-14,0.6
03-31-14,0.6
04-01-14,0.63
04-02-14,0.68
04-03-14,0.66
04-04-14,0.61
04-07-14,0.59
04-08-14,0.58
04-09-14,0.57
04-10-14,0.51
04-11-14,0.5
04-14-14,0.52
04-15-14,0.5
04-16-14,0.48
04-17-14,0.52
04-18-14,
04-21-14,0.53
04-22-14,0.52
04-23-14,0.49
04-24-14,0.49
04-25-14,0.48
04-28-14,0.52
04-29-14,0.53
04-30-14,0.49
05-01-14,0.43
05-02-14,0.41
05-05-14,0.45
05-06-14,0.45
05-07-14,0.42
05-08-14,0.42
05-09-14,0.44
05-12-14,0.48
05-13-14,0.45
05-14-14,0.37
05-15-14,0.31
05-16-14,0.34
05-19-14,0.37
05-20-14,0.35
05-21-14,0.36
05-22-14,0.35
05-23-14,0.32
05-26-14,
05-27-14,0.31
05-28-14,0.22
05-29-14,0.22
05-30-14,0.26
06-02-14,0.32
06-03-14,0.41
06-04-14,0.44
06-05-14,0.41
06-06-14,0.4
06-09-14,0.41
06-10-14,0.43
06-11-14,0.43
06-12-14,0.39
06-13-14,0.41
06-16-14,0.41
06-17-14,0.43
06-18-14,0.38
06-19-14,0.39
06-20-14,0.35
06-23-14,0.35
06-24-14,0.31
06-25-14,0.29
06-26-14,0.26
06-27-14,0.27
06-30-14,0.27
07-01-14,0.32
07-02-14,0.38
07-03-14,0.37
07-04-14,
07-07-14,0.36
07-08-14,0.31
07-09-14,0.28
07-10-14,0.27
07-11-14,0.25
07-14-14,0.28
07-15-14,0.31
07-16-14,0.32
07-17-14,0.24
07-18-14,0.26
07-21-14,0.25
07-22-14,0.25
07-23-14,0.25
07-24-14,0.25
07-25-14,0.2
07-28-14,0.22
07-29-14,0.2
07-30-14,0.29
07-31-14,0.29
08-01-14,0.25
08-04-14,0.26
08-05-14,0.25
08-06-14,0.24
08-07-14,0.19
08-08-14,0.19
08-11-14,0.19
08-12-14,0.22
08-13-14,0.2
08-14-14,0.19
08-15-14,0.16
08-18-14,0.21
08-19-14,0.23
08-20-14,0.26
08-21-14,0.24
08-22-14,0.26
08-25-14,0.24
08-26-14,0.25
08-27-14,0.23
08-28-14,0.21
08-29-14,0.23
09-01-14,
09-02-14,0.27
09-03-14,0.24
09-04-14,0.28
09-05-14,0.31
09-08-14,0.35
09-09-14,0.39
09-10-14,0.44
09-11-14,0.42
09-12-14,0.49
09-15-14,0.47
09-16-14,0.48
09-17-14,0.56
09-18-14,0.61
09-19-14,0.56
09-22-14,0.58
09-23-14,0.52
09-24-14,0.54
09-25-14,0.5
09-26-14,0.57
09-29-14,0.55
09-30-14,0.55
10-01-14,0.46
10-02-14,0.49
10-03-14,0.52
10-06-14,0.5
10-07-14,0.44
10-08-14,0.39
10-09-14,0.37
10-10-14,0.35
10-13-14,
10-14-14,0.29
10-15-14,0.29
10-16-14,0.28
10-17-14,0.3
10-20-14,0.29
10-21-14,0.33
10-22-14,0.34
10-23-14,0.38
10-24-14,0.39
10-27-14,0.38
10-28-14,0.39
10-29-14,0.42
10-30-14,0.42
10-31-14,0.43
11-03-14,0.43
11-04-14,0.43
11-05-14,0.43
11-06-14,0.45
11-07-14,0.38
11-10-14,0.44
11-11-14,
11-12-14,0.46
11-13-14,0.47
11-14-14,0.43
11-17-14,0.48
11-18-14,0.48
11-19-14,0.53
11-20-14,0.49
11-21-14,0.45
11-24-14,0.44
11-25-14,0.42
11-26-14,0.42
11-27-14,
11-28-14,0.39
12-01-14,0.43
12-02-14,0.51
12-03-14,0.5
12-04-14,0.48
12-05-14,0.56
12-08-14,0.55
12-09-14,0.49
12-10-14,0.47
12-11-14,0.49
12-12-14,0.46
12-15-14,0.5
12-16-14,0.42
12-17-14,0.49
12-18-14,0.57
12-19-14,0.49
12-22-14,0.47
12-23-14,0.56
12-24-14,0.59
12-25-14,
12-26-14,0.58
12-29-14,0.57
12-30-14,0.56
12-31-14,0.49
01-01-15,
01-02-15,0.41
01-05-15,0.4
01-06-15,0.41
01-07-15,0.39
01-08-15,0.41
01-09-15,0.36
01-12-15,0.35
01-13-15,0.37
01-14-15,0.29
01-15-15,0.19
01-16-15,0.23
01-19-15,
01-20-15,0.23
01-21-15,0.26
01-22-15,0.29
01-23-15,0.21
01-26-15,0.22
01-27-15,0.17
01-28-15,0.12
01-29-15,0.15
01-30-15,0.03
02-02-15,0.03
02-03-15,0.09
02-04-15,0.1
02-05-15,0.13
02-06-15,0.24
02-09-15,0.25
02-10-15,0.31
02-11-15,0.32
02-12-15,0.33
02-13-15,0.34
02-16-15,
02-17-15,0.43
02-18-15,0.36
02-19-15,0.37
02-20-15,0.38
02-23-15,0.34
02-24-15,0.27
02-25-15,0.24
02-26-15,0.24
02-27-15,0.17
03-02-15,0.25
03-03-15,0.26
03-04-15,0.25
03-05-15,0.27
03-06-15,0.41
03-09-15,0.44
03-10-15,0.41
03-11-15,0.39
03-12-15,0.39
03-13-15,0.44
03-16-15,0.45
03-17-15,0.42
03-18-15,0.23
03-19-15,0.19
03-20-15,0.17
03-23-15,0.17
03-24-15,0.11
03-25-15,0.12
03-26-15,0.21
03-27-15,0.19
03-30-15,0.23
03-31-15,0.18
04-01-15,0.07
04-02-15,0.11
04-03-15,0.02
04-06-15,0.07
04-07-15,0.04
04-08-15,0.08
04-09-15,0.13
04-10-15,0.14
04-13-15,0.14
04-14-15,0.1
04-15-15,0.07
04-16-15,0.05
04-17-15,-0.02
04-20-15,0.01
04-21-15,0.06
04-22-15,0.12
04-23-15,0.07
04-24-15,0.04
04-27-15,0.03
04-28-15,0.11
04-29-15,0.14
04-30-15,0.11
05-01-15,0.18
05-04-15,0.24
05-05-15,0.25
05-06-15,0.34
05-07-15,0.3
05-08-15,0.28
05-11-15,0.4
05-12-15,0.4
05-13-15,0.41
05-14-15,0.36
05-15-15,0.31
05-18-15,0.37
05-19-15,0.42
05-20-15,0.38
05-21-15,0.35
05-22-15,0.34
05-25-15,
05-26-15,0.32
05-27-15,0.34
05-28-15,0.33
05-29-15,0.32
06-01-15,0.39
06-02-15,0.44
06-03-15,0.55
06-04-15,0.5
06-05-15,0.55
06-08-15,0.54
06-09-15,0.56
06-10-15,0.63
06-11-15,0.56
06-12-15,0.55
06-15-15,0.51
06-16-15,0.44
06-17-15,0.42
06-18-15,0.46
06-19-15,0.4
06-22-15,0.47
06-23-15,0.5
06-24-15,0.48
06-25-15,0.49
06-26-15,0.57
06-29-15,0.46
06-30-15,0.48
07-01-15,0.54
07-02-15,0.49
07-03-15,
07-06-15,0.43
07-07-15,0.4
07-08-15,0.39
07-09-15,0.47
07-10-15,0.55
07-13-15,0.58
07-14-15,0.56
07-15-15,0.52
07-16-15,0.52
07-17-15,0.51
07-20-15,0.56
07-21-15,0.53
07-22-15,0.53
07-23-15,0.49
07-24-15,0.51
07-27-15,0.5
07-28-15,0.51
07-29-15,0.52
07-30-15,0.51
07-31-15,0.46
08-03-15,0.46
08-04-15,0.52
08-05-15,0.58
08-06-15,0.56
08-07-15,0.52
08-10-15,0.55
08-11-15,0.49
08-12-15,0.52
08-13-15,0.57
08-14-15,0.58
08-17-15,0.58
08-18-15,0.62
08-19-15,0.55
08-20-15,0.53
08-21-15,0.52
08-24-15,0.52
08-25-15,0.59
08-26-15,0.65
08-27-15,0.6
08-28-15,0.58
08-31-15,0.58
09-01-15,0.6
09-02-15,0.64
09-03-15,0.64
09-04-15,0.62
09-07-15,
09-08-15,0.67
09-09-15,0.65
09-10-15,0.64
09-11-15,0.61
09-14-15,0.62
09-15-15,0.72
09-16-15,0.73
09-17-15,0.63
09-18-15,0.58
09-21-15,0.66
09-22-15,0.63
09-23-15,0.64
09-24-15,0.64
09-25-15,0.71
09-28-15,0.71
09-29-15,0.66
09-30-15,0.65
10-01-15,0.59
10-02-15,0.51
10-05-15,0.56
10-06-15,0.53
10-07-15,0.53
10-08-15,0.54
10-09-15,0.58
10-12-15,
10-13-15,0.54
10-14-15,0.5
10-15-15,0.54
10-16-15,0.56
10-19-15,0.59
10-20-15,0.6
10-21-15,0.59
10-22-15,0.57
10-23-15,0.58
10-26-15,0.59
10-27-15,0.57
10-28-15,0.63
10-29-15,0.67
10-30-15,0.63
11-02-15,0.65
11-03-15,0.65
11-04-15,0.68
11-05-15,0.71
11-06-15,0.75
11-09-15,0.76
11-10-15,0.77
11-11-15,
11-12-15,0.78
11-13-15,0.76
11-16-15,0.76
11-17-15,0.72
11-18-15,0.71
11-19-15,0.68
11-20-15,0.66
11-23-15,0.64
11-24-15,0.62
11-25-15,0.62
11-26-15,
11-27-15,0.62
11-30-15,0.62
12-01-15,0.58
12-02-15,0.62
12-03-15,0.72
12-04-15,0.68
12-07-15,0.67
12-08-15,0.68
12-09-15,0.69
12-10-15,0.73
12-11-15,0.67
12-14-15,0.78
12-15-15,0.8
12-16-15,0.84
12-17-15,0.77
12-18-15,0.73
12-21-15,0.75
12-22-15,0.78
12-23-15,0.76
12-24-15,0.73
12-25-15,
12-28-15,0.74
12-29-15,0.79
12-30-15,0.77
12-31-15,0.73
01-01-16,
01-04-16,0.69
01-05-16,0.69
01-06-16,0.65
01-07-16,0.66
01-08-16,0.65
01-11-16,0.72
01-12-16,0.69
01-13-16,0.65
01-14-16,0.67
01-15-16,0.67
01-18-16,
01-19-16,0.68
01-20-16,0.69
01-21-16,0.74
01-22-16,0.72
01-25-16,0.69
01-26-16,0.65
01-27-16,0.62
01-28-16,0.58
01-29-16,0.53
02-01-16,0.57
02-02-16,0.51
02-03-16,0.5
02-04-16,0.51
02-05-16,0.53
02-08-16,0.52
02-09-16,0.53
02-10-16,0.5
02-11-16,0.45
02-12-16,0.49
02-15-16,
02-16-16,0.53
02-17-16,0.53
02-18-16,0.51
02-19-16,0.5
02-22-16,0.46
02-23-16,0.42
02-24-16,0.39
02-25-16,0.32
02-26-16,0.35
02-29-16,0.32
03-01-16,0.35
03-02-16,0.33
03-03-16,0.3
03-04-16,0.37
03-07-16,0.43
03-08-16,0.37
03-09-16,0.39
03-10-16,0.45
03-11-16,0.44
03-14-16,0.45
03-15-16,0.47
03-16-16,0.36
03-17-16,0.34
03-18-16,0.27
03-21-16,0.28
03-22-16,0.31
03-23-16,0.3
03-24-16,0.34
03-25-16,
03-28-16,0.33
03-29-16,0.2
03-30-16,0.18
03-31-16,0.16
04-01-16,0.17
04-04-16,0.14
04-05-16,0.14
04-06-16,0.17
04-07-16,0.12
04-08-16,0.14
04-11-16,0.17
04-12-16,0.22
04-13-16,0.21
04-14-16,0.24
04-15-16,0.2
04-18-16,0.21
04-19-16,0.19
04-20-16,0.23
04-21-16,0.24
04-22-16,0.25
04-25-16,0.26
04-26-16,0.27
04-27-16,0.19
04-28-16,0.12
04-29-16,0.12
05-02-16,0.2
05-03-16,0.17
05-04-16,0.16
05-05-16,0.13
05-06-16,0.18
05-09-16,0.18
05-10-16,0.15
05-11-16,0.14
05-12-16,0.15
05-13-16,0.13
05-16-16,0.15
05-17-16,0.15
05-18-16,0.26
05-19-16,0.29
05-20-16,0.29
05-23-16,0.3
05-24-16,0.31
05-25-16,0.29
05-26-16,0.25
05-27-16,0.27
05-30-16,
05-31-16,0.3
06-01-16,0.31
06-02-16,0.27
06-03-16,0.19
06-06-16,0.19
06-07-16,0.15
06-08-16,0.12
06-09-16,0.12
06-10-16,0.12
06-13-16,0.15
06-14-16,0.17
06-15-16,0.13
06-16-16,0.15
06-17-16,0.2
06-20-16,0.24
06-21-16,0.28
06-22-16,0.25
06-23-16,0.24
06-24-16,0.15
06-27-16,0.12
06-28-16,0.09
06-29-16,0.1
06-30-16,0.09
07-01-16,0.03
07-04-16,
07-05-16,-0.03
07-06-16,-0.05
07-07-16,-0.03
07-08-16,-0.06
07-11-16,0.01
07-12-16,0.07
07-13-16,0.03
07-14-16,0.08
07-15-16,0.11
07-18-16,0.1
07-19-16,0.12
07-20-16,0.13
07-21-16,0.05
07-22-16,0.06
07-25-16,0.08
07-26-16,0.07
07-27-16,0.03
07-28-16,0
07-29-16,-0.03
08-01-16,0.05
08-02-16,0.11
08-03-16,0.09
08-04-16,0.04
08-05-16,0.09
08-08-16,0.08
08-09-16,0.06
08-10-16,0.06
08-11-16,0.1
08-12-16,0.07
08-15-16,0.1
08-16-16,0.13
08-17-16,0.09
08-18-16,0.06
08-19-16,0.1
08-22-16,0.08
08-23-16,0.07
08-24-16,0.08
08-25-16,0.09
08-26-16,0.15
08-29-16,0.11
08-30-16,0.11
08-31-16,0.11
09-01-16,0.12
09-02-16,0.13
09-05-16,
09-06-16,0.06
09-07-16,0.03
09-08-16,0.09
09-09-16,0.17
09-12-16,0.17
09-13-16,0.24
09-14-16,0.21
09-15-16,0.22
09-16-16,0.19
09-19-16,0.2
09-20-16,0.2
09-21-16,0.15
09-22-16,0.08
09-23-16,0.05
09-26-16,0.05
09-27-16,0.04
09-28-16,0.01
09-29-16,0.02
09-30-16,0
10-03-16,0
10-04-16,0.07
10-05-16,0.1
10-06-16,0.11
10-07-16,0.1
10-10-16,
10-11-16,0.13
10-12-16,0.15
10-13-16,0.12
10-14-16,0.13
10-17-16,0.09
10-18-16,0.09
10-19-16,0.08
10-20-16,0.08
10-21-16,0.07
10-24-16,0.11
10-25-16,0.07
10-26-16,0.08
10-27-16,0.13
10-28-16,0.13
10-31-16,0.11
11-01-16,0.11
11-02-16,0.11
11-03-16,0.14
11-04-16,0.11
11-07-16,0.12
11-08-16,0.15
11-09-16,0.25
11-10-16,0.27
11-11-16,
11-14-16,0.4
11-15-16,0.41
11-16-16,0.39
11-17-16,0.42
11-18-16,0.44
11-21-16,0.42
11-22-16,0.41
11-23-16,0.44
11-24-16,
11-25-16,0.47
11-28-16,0.47
11-29-16,0.44
11-30-16,0.43
12-01-16,0.48
12-02-16,0.49
12-05-16,0.45
12-06-16,0.44
12-07-16,0.42
12-08-16,0.45
12-09-16,0.51
12-12-16,0.51
12-13-16,0.53
12-14-16,0.6
12-15-16,0.7
12-16-16,0.74
12-19-16,0.68
12-20-16,0.67
12-21-16,0.64
12-22-16,0.6
12-23-16,0.58
12-26-16,
12-27-16,0.58
12-28-16,0.56
12-29-16,0.55
12-30-16,0.5
01-02-17,
01-03-17,0.47
01-04-17,0.47
01-05-17,0.42
01-06-17,0.46
01-09-17,0.43
01-10-17,0.43
01-11-17,0.39
01-12-17,0.38
01-13-17,0.41
01-16-17,
01-17-17,0.36
01-18-17,0.42
01-19-17,0.43
01-20-17,0.44
01-23-17,0.39
01-24-17,0.41
01-25-17,0.45
01-26-17,0.43
01-27-17,0.41
01-30-17,0.42
01-31-17,0.4
02-01-17,0.43
02-02-17,0.43
02-03-17,0.44
02-06-17,0.4
02-07-17,0.4
02-08-17,0.38
02-09-17,0.41
02-10-17,0.4
02-13-17,0.43
02-14-17,0.46
02-15-17,0.45
02-16-17,0.43
02-17-17,0.41
02-20-17,
02-21-17,0.4
02-22-17,0.38
02-23-17,0.35
02-24-17,0.31
02-27-17,0.35
02-28-17,0.34
03-01-17,0.43
03-02-17,0.48
03-03-17,0.45
03-06-17,0.48
03-07-17,0.49
03-08-17,0.56
03-09-17,0.6
03-10-17,0.57
03-13-17,0.61
03-14-17,0.61
03-15-17,0.5
03-16-17,0.51
03-17-17,0.49
03-20-17,0.47
03-21-17,0.45
03-22-17,0.43
03-23-17,0.46
03-24-17,0.42
03-27-17,0.41
03-28-17,0.45
03-29-17,0.41
03-30-17,0.46
03-31-17,0.43
04-03-17,0.39
04-04-17,0.4
04-05-17,0.37
04-06-17,0.39
04-07-17,0.44
04-10-17,0.44
04-11-17,0.41
04-12-17,0.38
04-13-17,0.32
04-14-17,
04-17-17,0.38
04-18-17,0.33
04-19-17,0.36
04-20-17,0.39
04-21-17,0.4
04-24-17,0.41
04-25-17,0.44
04-26-17,0.42
04-27-17,0.39
04-28-17,0.37
05-01-17,0.41
05-02-17,0.41
05-03-17,0.46
05-04-17,0.5
05-05-17,0.5
05-08-17,0.53
05-09-17,0.56
05-10-17,0.56
05-11-17,0.51
05-12-17,0.49
05-15-17,0.52
05-16-17,0.51
05-17-17,0.44
05-18-17,0.43
05-19-17,0.41
05-22-17,0.43
05-23-17,0.46
05-24-17,0.45
05-25-17,0.45
05-26-17,0.44
05-29-17,
05-30-17,0.4
05-31-17,0.4
06-01-17,0.4
06-02-17,0.36
06-05-17,0.39
06-06-17,0.37
06-07-17,0.4
06-08-17,0.41
06-09-17,0.43
06-12-17,0.46
06-13-17,0.46
06-14-17,0.44
06-15-17,0.49
06-16-17,0.49
06-19-17,0.52
06-20-17,0.5
06-21-17,0.5
06-22-17,0.46
06-23-17,0.45
06-26-17,0.43
06-27-17,0.5
06-28-17,0.49
06-29-17,0.55
06-30-17,0.58
07-03-17,0.6
07-04-17,
07-05-17,0.58
07-06-17,0.61
07-07-17,0.66
07-10-17,0.66
07-11-17,0.62
07-12-17,0.57
07-13-17,0.58
07-14-17,0.57
07-17-17,0.54
07-18-17,0.51
07-19-17,0.51
07-20-17,0.5
07-21-17,0.48
07-24-17,0.48
07-25-17,0.52
07-26-17,0.49
07-27-17,0.49
07-28-17,0.47
07-31-17,0.48
08-01-17,0.47
08-02-17,0.48
08-03-17,0.46
08-04-17,0.47
08-07-17,0.46
08-08-17,0.46
08-09-17,0.42
08-10-17,0.4
08-11-17,0.4
08-14-17,0.45
08-15-17,0.49
08-16-17,0.45
08-17-17,0.42
08-18-17,0.43
08-21-17,0.43
08-22-17,0.45
08-23-17,0.42
08-24-17,0.44
08-25-17,0.42
08-28-17,0.41
08-29-17,0.39
08-30-17,0.39
08-31-17,0.36
09-01-17,0.37
09-04-17,
09-05-17,0.3
09-06-17,0.32
09-07-17,0.26
09-08-17,0.25
09-11-17,0.31
09-12-17,0.33
09-13-17,0.35
09-14-17,0.35
09-15-17,0.35
09-18-17,0.36
09-19-17,0.37
09-20-17,0.43
09-21-17,0.44
09-22-17,0.42
09-25-17,0.38
09-26-17,0.4
09-27-17,0.44
09-28-17,0.44
09-29-17,0.49
10-02-17,0.51
10-03-17,0.49
10-04-17,0.48
10-05-17,0.49
10-06-17,0.5
10-09-17,
10-10-17,0.47
10-11-17,0.46
10-12-17,0.44
10-13-17,0.43
10-16-17,0.46
10-17-17,0.48
10-18-17,0.5
10-19-17,0.49
10-20-17,0.52
10-23-17,0.52
10-24-17,0.55
10-25-17,0.56
10-26-17,0.57
10-27-17,0.54
10-30-17,0.5
10-31-17,0.5
11-01-17,0.49
11-02-17,0.48
11-03-17,0.48
11-06-17,0.46
11-07-17,0.44
11-08-17,0.45
11-09-17,0.46
11-10-17,0.52
11-13-17,0.52
11-14-17,0.51
11-15-17,0.48
11-16-17,0.53
11-17-17,0.49
11-20-17,0.52
11-21-17,0.52
11-22-17,0.48
11-23-17,
11-24-17,0.5
11-27-17,0.49
11-28-17,0.5
11-29-17,0.53
11-30-17,0.56
12-01-17,0.51
12-04-17,0.5
12-05-17,0.5
12-06-17,0.47
12-07-17,0.5
12-08-17,0.5
12-11-17,0.51
12-12-17,0.51
12-13-17,0.48
12-14-17,0.48
12-15-17,0.47
12-18-17,0.5
12-19-17,0.55
12-20-17,0.57
12-21-17,0.55
12-22-17,0.54
12-25-17,
12-26-17,0.53
12-27-17,0.48
12-28-17,0.47
12-29-17,0.44
01-01-18,
01-02-18,0.46
01-03-18,0.46
01-04-18,0.45
01-05-18,0.46
01-08-18,0.47
01-09-18,0.52
01-10-18,0.52
01-11-18,0.54
01-12-18,0.54
01-15-18,
01-16-18,0.51
01-17-18,0.53
01-18-18,0.57
01-19-18,0.58
01-22-18,0.6
01-23-18,0.57
01-24-18,0.58
01-25-18,0.56
01-26-18,0.57
01-29-18,0.61
01-30-18,0.63
01-31-18,0.61
02-01-18,0.67
02-02-18,0.7
02-05-18,0.67
02-06-18,0.69
02-07-18,0.74
02-08-18,0.76
02-09-18,0.78
02-12-18,0.79
02-13-18,0.78
02-14-18,0.82
02-15-18,0.79
02-16-18,0.78
02-19-18,
02-20-18,0.78
02-21-18,0.82
02-22-18,0.81
02-23-18,0.76
02-26-18,0.73
02-27-18,0.77
02-28-18,0.75
03-01-18,0.71
03-02-18,0.74
03-05-18,0.75
03-06-18,0.76
03-07-18,0.76
03-08-18,0.75
03-09-18,0.78
03-12-18,0.77
03-13-18,0.75
03-14-18,0.74
03-15-18,0.74
03-16-18,0.77
03-19-18,0.77
03-20-18,0.81
03-21-18,0.8
03-22-18,0.75
03-23-18,0.75
03-26-18,0.77
03-27-18,0.71
03-28-18,0.72
03-29-18,0.69
03-30-18,
04-02-18,0.68
04-03-18,0.71
04-04-18,0.71
04-05-18,0.75
04-06-18,0.7
04-09-18,0.71
04-10-18,0.72
04-11-18,0.68
04-12-18,0.7
04-13-18,0.69
04-16-18,0.71
04-17-18,0.68
04-18-18,0.71
04-19-18,0.75
04-20-18,0.79
04-23-18,0.8
04-24-18,0.83
04-25-18,0.86
04-26-18,0.82
04-27-18,0.79
04-30-18,0.78
05-01-18,0.81
05-02-18,0.8
05-03-18,0.78
05-04-18,0.79
05-07-18,0.78
05-08-18,0.81
05-09-18,0.82
05-10-18,0.8
05-11-18,0.82
05-14-18,0.85
05-15-18,0.9
05-16-18,0.92
05-17-18,0.95
05-18-18,0.91
05-21-18,0.9
05-22-18,0.91
05-23-18,0.87
05-24-18,0.86
05-25-18,0.84
05-28-18,
05-29-18,0.73
05-30-18,0.78
05-31-18,0.76
06-01-18,0.8
06-04-18,0.82
06-05-18,0.79
06-06-18,0.83
06-07-18,0.8
06-08-18,0.82
06-11-18,0.83
06-12-18,0.83
06-13-18,0.86
06-14-18,0.82
06-15-18,0.81
06-18-18,0.8
06-19-18,0.77
06-20-18,0.81
06-21-18,0.79
06-22-18,0.78
06-25-18,0.77
06-26-18,0.76
06-27-18,0.72
06-28-18,0.74
06-29-18,0.74
07-02-18,0.73
07-03-18,0.71
07-04-18,
07-05-18,0.71
07-06-18,0.7
07-09-18,0.73
07-10-18,0.74
07-11-18,0.74
07-12-18,0.75
07-13-18,0.72
07-16-18,0.75
07-17-18,0.77
07-18-18,0.79
07-19-18,0.75
07-20-18,0.78
07-23-18,0.85
07-24-18,0.84
07-25-18,0.81
07-26-18,0.87
07-27-18,0.84
07-30-18,0.85
07-31-18,0.84
08-01-18,0.87
08-02-18,0.86
08-03-18,0.83
08-06-18,0.83
08-07-18,0.85
08-08-18,0.85
08-09-18,0.82
08-10-18,0.78
08-13-18,0.78
08-14-18,0.8
08-15-18,0.78
08-16-18,0.79
08-17-18,0.79
08-20-18,0.75
08-21-18,0.77
08-22-18,0.74
08-23-18,0.73
08-24-18,0.73
08-27-18,0.74
08-28-18,0.77
08-29-18,0.77
08-30-18,0.76
08-31-18,0.78
09-03-18,
09-04-18,0.8
09-05-18,0.81
09-06-18,0.8
09-07-18,0.84
09-10-18,0.84
09-11-18,0.86
09-12-18,0.85
09-13-18,0.87
09-14-18,0.89
09-17-18,0.89
09-18-18,0.92
09-19-18,0.93
09-20-18,0.92
09-21-18,0.92
09-24-18,0.92
09-25-18,0.94
09-26-18,0.92
09-27-18,0.91
09-28-18,0.91
10-01-18,0.95
10-02-18,0.93
10-03-18,0.99
10-04-18,1.03
10-05-18,1.07
10-08-18,
10-09-18,1.04
10-10-18,1.06
10-11-18,1.02
10-12-18,1.03
10-15-18,1.03
10-16-18,1.03
10-17-18,1.06
10-18-18,1.07
10-19-18,1.09
10-22-18,1.09
10-23-18,1.08
10-24-18,1.03
10-25-18,1.09
10-26-18,1.02
10-29-18,1.02
10-30-18,1.07
10-31-18,1.1
11-01-18,1.12
11-02-18,1.16
11-05-18,1.14
11-06-18,1.15
11-07-18,1.15
11-08-18,1.17
11-09-18,1.15
11-12-18,
11-13-18,1.12
11-14-18,1.12
11-15-18,1.11
11-16-18,1.06
11-19-18,1.07
11-20-18,1.09
11-21-18,1.09
11-22-18,
11-23-18,1.09
11-26-18,1.11
11-27-18,1.15
11-28-18,1.12
11-29-18,1.05
11-30-18,1.04
12-03-18,1.02
12-04-18,0.97
12-05-18,
12-06-18,0.97
12-07-18,0.96
12-10-18,0.99
12-11-18,1.06
12-12-18,1.08
12-13-18,1.08
12-14-18,1.07
12-17-18,1.05
12-18-18,1.01
12-19-18,0.97
12-20-18,1.03
12-21-18,1.02
12-24-18,0.99
12-25-18,
12-26-18,1.04
12-27-18,1.03
12-28-18,0.99
12-31-18,0.98
01-01-19,
01-02-19,0.96
01-03-19,0.88
01-04-19,0.91
01-07-19,0.92
01-08-19,0.91
01-09-19,0.91
01-10-19,0.93
01-11-19,0.88
01-14-19,0.9
01-15-19,0.91
01-16-19,0.91
01-17-19,0.96
01-18-19,0.96
01-21-19,
01-22-19,0.95
01-23-19,0.96
01-24-19,0.95
01-25-19,0.97
01-28-19,0.97
01-29-19,0.94
01-30-19,0.86
01-31-19,0.78
02-01-19,0.82
02-04-19,0.86
02-05-19,0.84
02-06-19,0.84
02-07-19,0.81
02-08-19,0.81
02-11-19,0.83
02-12-19,0.85
02-13-19,0.85
02-14-19,0.81
02-15-19,0.8
02-18-19,
02-19-19,0.78
02-20-19,0.76
02-21-19,0.78
02-22-19,0.74
02-25-19,0.75
02-26-19,0.72
02-27-19,0.76
02-28-19,0.78
03-01-19,0.8
03-04-19,0.78
03-05-19,0.79
03-06-19,0.78
03-07-19,0.74
03-08-19,0.72
03-11-19,0.73
03-12-19,0.71
03-13-19,0.69
03-14-19,0.69
03-15-19,0.65
03-18-19,0.64
03-19-19,0.66
03-20-19,0.58
03-21-19,0.58
03-22-19,0.54
03-25-19,0.55
03-26-19,0.55
03-27-19,0.55
03-28-19,0.56
03-29-19,0.53
04-01-19,0.59
04-02-19,0.58
04-03-19,0.61
04-04-19,0.61
04-05-19,0.6
04-08-19,0.61
04-09-19,0.6
04-10-19,0.54
04-11-19,0.57
04-12-19,0.61
04-15-19,0.61
04-16-19,0.64
04-17-19,0.65
04-18-19,0.62
04-19-19,
04-22-19,0.64
04-23-19,0.62
04-24-19,0.57
04-25-19,0.56
04-26-19,0.54
04-29-19,0.58
04-30-19,0.56
05-01-19,0.59
05-02-19,0.66
05-03-19,0.63
05-06-19,0.6
05-07-19,0.58
05-08-19,0.62
05-09-19,0.6
05-10-19,0.59
05-13-19,0.55
05-14-19,0.56
05-15-19,0.54
05-16-19,0.56
05-17-19,0.58
05-20-19,0.6
05-21-19,0.6
05-22-19,0.6
05-23-19,0.58
05-24-19,0.56
05-27-19,
05-28-19,0.53
05-29-19,0.5
05-30-19,0.48
05-31-19,0.4
06-03-19,0.34
06-04-19,0.38
06-05-19,0.37
06-06-19,0.39
06-07-19,0.35
06-10-19,0.42
06-11-19,0.43
06-12-19,0.42
06-13-19,0.42
06-14-19,0.46
06-17-19,0.48
06-18-19,0.42
06-19-19,0.36
06-20-19,0.27
06-21-19,0.34
06-24-19,0.31
06-25-19,0.33
06-26-19,0.35
06-27-19,0.33
06-28-19,0.31
07-01-19,0.34
07-02-19,0.33
07-03-19,0.31
07-04-19,
07-05-19,0.35
07-08-19,0.35
07-09-19,0.36
07-10-19,0.33
07-11-19,0.36
07-12-19,0.35
07-15-19,0.32
07-16-19,0.33
07-17-19,0.31
07-18-19,0.25
07-19-19,0.25
07-22-19,0.26
07-23-19,0.27
07-24-19,0.26
07-25-19,0.28
07-26-19,0.3
07-29-19,0.29
07-30-19,0.28
07-31-19,0.26
08-01-19,0.2
08-02-19,0.2
08-05-19,0.15
08-06-19,0.11
08-07-19,0.09
08-08-19,0.07
08-09-19,0.08
08-12-19,0.04
08-13-19,0.05
08-14-19,0.02
08-15-19,-0.02
08-16-19,0.01
08-19-19,0.04
08-20-19,0.02
08-21-19,0.05
08-22-19,0.07
08-23-19,-0.02
08-26-19,0
08-27-19,-0.06
08-28-19,-0.08
08-29-19,-0.09
08-30-19,-0.05
09-02-19,
09-03-19,-0.03
09-04-19,-0.04
09-05-19,0.01
09-06-19,0.01
09-09-19,0.06
09-10-19,0.12
09-11-19,0.15
09-12-19,0.16
09-13-19,0.23
09-16-19,0.17
09-17-19,0.15
09-18-19,0.21
09-19-19,0.18
09-20-19,0.13
09-23-19,0.11
09-24-19,0.06
09-25-19,0.13
09-26-19,0.13
09-27-19,0.16
09-30-19,0.15
10-01-19,0.13
10-02-19,0.1
10-03-19,0.06
10-04-19,0.02
10-07-19,0.05
10-08-19,0.06
10-09-19,0.1
10-10-19,0.15
10-11-19,0.2
10-14-19,
10-15-19,0.21
10-16-19,0.18
10-17-19,0.17
10-18-19,0.16
10-21-19,0.19
10-22-19,0.17
10-23-19,0.16
10-24-19,0.15
10-25-19,0.15
10-28-19,0.21
10-29-19,0.23
10-30-19,0.21
10-31-19,0.15
11-01-19,0.14
11-04-19,0.15
11-05-19,0.18
11-06-19,0.15
11-07-19,0.23
11-08-19,0.23
11-11-19,
11-12-19,0.22
11-13-19,0.22
11-14-19,0.2
11-15-19,0.21
11-18-19,0.18
11-19-19,0.16
11-20-19,0.13
11-21-19,0.14
11-22-19,0.15
11-25-19,0.14
11-26-19,0.12
11-27-19,0.14
11-28-19,
11-29-19,0.17
12-02-19,0.18
12-03-19,0.09
12-04-19,0.11
12-05-19,0.13
12-06-19,0.15
12-09-19,0.14
12-10-19,0.14
12-11-19,0.1
12-12-19,0.18
12-13-19,0.12
12-16-19,0.16
12-17-19,0.14
12-18-19,0.16
12-19-19,0.15
12-20-19,0.15
12-23-19,0.18
12-24-19,0.15
12-25-19,
12-26-19,0.16
12-27-19,0.15
12-30-19,0.15
12-31-19,0.15
01-01-20,
01-02-20,0.08
01-03-20,0.03
01-06-20,0.06
01-07-20,0.09
01-08-20,0.12
01-09-20,0.11
01-10-20,0.07
01-13-20,0.08
01-14-20,0.05
01-15-20,0.04
01-16-20,0.07
01-17-20,0.09
01-20-20,
01-21-20,0.04
01-22-20,0.05
01-23-20,0.04
01-24-20,0.02
01-27-20,-0.02
01-28-20,0
01-29-20,-0.04
01-30-20,-0.07
01-31-20,-0.14
02-03-20,-0.09
02-04-20,-0.03
02-05-20,0
02-06-20,-0.02
02-07-20,-0.07
02-10-20,-0.1
02-11-20,-0.06
02-12-20,-0.04
02-13-20,-0.06
02-14-20,-0.07
02-17-20,
02-18-20,-0.1
02-19-20,-0.09
02-20-20,-0.11
02-21-20,-0.15
02-24-20,-0.21
02-25-20,-0.2
02-26-20,-0.21
02-27-20,-0.23
02-28-20,-0.28
03-02-20,-0.31
03-03-20,-0.43
03-04-20,-0.44
03-05-20,-0.48
03-06-20,-0.57
03-09-20,-0.45
03-10-20,-0.24
03-11-20,-0.14
03-12-20,-0.04
03-13-20,0.04
03-16-20,0
03-17-20,0.39
03-18-20,0.55
03-19-20,0.62
03-20-20,0.17
03-23-20,-0.04
03-24-20,-0.13
03-25-20,-0.19
03-26-20,-0.24
03-27-20,-0.22
03-30-20,-0.25
03-31-20,-0.17
04-01-20,-0.29
04-02-20,-0.4
04-03-20,-0.46
04-06-20,-0.47
04-07-20,-0.42
04-08-20,-0.42
04-09-20,-0.5
04-10-20,
04-13-20,-0.5
04-14-20,-0.53
04-15-20,-0.56
04-16-20,-0.42
04-17-20,-0.36
04-20-20,-0.31
04-21-20,-0.38
04-22-20,-0.43
04-23-20,-0.44
04-24-20,-0.51
04-27-20,-0.5
04-28-20,-0.52
04-29-20,-0.51
04-30-20,-0.43
05-01-20,-0.42
05-04-20,-0.43
05-05-20,-0.44
05-06-20,-0.38
05-07-20,-0.45
05-08-20,-0.43
05-11-20,-0.4
05-12-20,-0.4
05-13-20,-0.43
05-14-20,-0.43
05-15-20,-0.45
05-18-20,-0.44
05-19-20,-0.45
05-20-20,-0.48
05-21-20,-0.46
05-22-20,-0.46
05-25-20,
05-26-20,-0.44
05-27-20,-0.46
05-28-20,-0.48
05-29-20,-0.5
06-01-20,-0.52
06-02-20,-0.5
06-03-20,-0.44
06-04-20,-0.4
06-05-20,-0.36
06-08-20,-0.4
06-09-20,-0.42
06-10-20,-0.52
06-11-20,-0.55
06-12-20,-0.5
06-15-20,-0.52
06-16-20,-0.52
06-17-20,-0.52
06-18-20,-0.57
06-19-20,-0.6
06-22-20,-0.63
06-23-20,-0.66
06-24-20,-0.64
06-25-20,-0.65
06-26-20,-0.68
06-29-20,-0.7
06-30-20,-0.68
07-01-20,-0.68
07-02-20,-0.73
07-03-20,
07-06-20,-0.76
07-07-20,-0.78
07-08-20,-0.75
07-09-20,-0.77
07-10-20,-0.76
07-13-20,-0.78
07-14-20,-0.78
07-15-20,-0.77
07-16-20,-0.79
07-17-20,-0.82
07-20-20,-0.84
07-21-20,-0.87
07-22-20,-0.88
07-23-20,-0.9
07-24-20,-0.92
07-27-20,-0.9
07-28-20,-0.92
07-29-20,-0.95
07-30-20,-0.97
07-31-20,-1
08-03-20,-1.02
08-04-20,-1.05
08-05-20,-1.06
08-06-20,-1.08
08-07-20,-1.04
08-10-20,-1.02
08-11-20,-0.99
08-12-20,-0.98
08-13-20,-0.96
08-14-20,-0.94
08-17-20,-0.97
08-18-20,-1.01
08-19-20,-0.99
08-20-20,-0.97
08-21-20,-1
08-24-20,-1.02
08-25-20,-1.01
08-26-20,-1.03
08-27-20,-0.99
08-28-20,-1.03
08-31-20,-1.08
09-01-20,-1.08
09-02-20,-1.07
09-03-20,-1.02
09-04-20,-0.98
09-07-20,
09-08-20,-0.99
09-09-20,-1
09-10-20,-1.01
09-11-20,-0.98
09-14-20,-0.97
09-15-20,-0.99
09-16-20,-0.99
09-17-20,-0.97
09-18-20,-0.97
09-21-20,-0.94
09-22-20,-0.94
09-23-20,-0.92
09-24-20,-0.91
09-25-20,-0.92
09-28-20,-0.94
09-29-20,-0.98
09-30-20,-0.94
10-01-20,-0.95
10-02-20,-0.94
10-05-20,-0.9
10-06-20,-0.9
10-07-20,-0.9
10-08-20,-0.94
10-09-20,-0.94
10-12-20,
10-13-20,-0.96
10-14-20,-0.96
10-15-20,-0.95
10-16-20,-0.95
10-19-20,-0.93
10-20-20,-0.91
10-21-20,-0.91
10-22-20,-0.89
10-23-20,-0.9
10-26-20,-0.91
10-27-20,-0.92
10-28-20,-0.91
10-29-20,-0.86
10-30-20,-0.82
11-02-20,-0.84
11-03-20,-0.82
11-04-20,-0.86
11-05-20,-0.87
11-06-20,-0.82
11-09-20,-0.77
11-10-20,-0.78
11-11-20,
11-12-20,-0.83
11-13-20,-0.83
11-16-20,-0.81
11-17-20,-0.83
11-18-20,-0.82
11-19-20,-0.84
11-20-20,-0.86
11-23-20,-0.85
11-24-20,-0.86
11-25-20,-0.87
11-26-20,
11-27-20,-0.91
11-30-20,-0.93
12-01-20,-0.89
12-02-20,-0.9
12-03-20,-0.94
12-04-20,-0.92
12-07-20,-0.94
12-08-20,-0.97
12-09-20,-0.96
12-10-20,-0.96
12-11-20,-0.97
12-14-20,-0.98
12-15-20,-0.99
12-16-20,-1
12-17-20,-1
12-18-20,-1
12-21-20,-1
12-22-20,-1.01
12-23-20,-1.01
12-24-20,-1.03
12-25-20,
12-28-20,-1.03
12-29-20,-1.02
12-30-20,-1.03
12-31-20,-1.06
01-01-21,
01-04-21,-1.08
01-05-21,-1.07
01-06-21,-1.02
01-07-21,-1.01
01-08-21,-0.93
01-11-21,-0.91
01-12-21,-0.93
01-13-21,-0.96
01-14-21,-0.94
01-15-21,-0.99
01-18-21,
01-19-21,-1
01-20-21,-1.02
01-21-21,-0.98
01-22-21,-0.99
01-25-21,-1.03
01-26-21,-1.03
01-27-21,-1.04
01-28-21,-1.06
01-29-21,-1.02
02-01-21,-1.02
02-02-21,-1.03
02-03-21,-1.04
02-04-21,-1.02
02-05-21,-1.02
02-08-21,-1.03
02-09-21,-1.04
02-10-21,-1.06
02-11-21,-1.04
02-12-21,-1.01
02-15-21,
02-16-21,-0.94
02-17-21,-0.92
02-18-21,-0.87
02-19-21,-0.8
02-22-21,-0.79
02-23-21,-0.79
02-24-21,-0.79
02-25-21,-0.6
02-26-21,-0.71
03-01-21,-0.71
03-02-21,-0.78
03-03-21,-0.74
03-04-21,-0.66
03-05-21,-0.66
03-08-21,-0.62
03-09-21,-0.66
03-10-21,-0.73
03-11-21,-0.74
03-12-21,-0.62
03-15-21,-0.65
03-16-21,-0.68
03-17-21,-0.67
03-18-21,-0.56
03-19-21,-0.57
03-22-21,-0.64
03-23-21,-0.66
03-24-21,-0.69
03-25-21,-0.69
03-26-21,-0.67
03-29-21,-0.63
03-30-21,-0.62
03-31-21,-0.63
04-01-21,-0.66
04-02-21,-0.64
04-05-21,-0.62
04-06-21,-0.65
04-07-21,-0.66
04-08-21,-0.69
04-09-21,-0.64
04-12-21,-0.64
04-13-21,-0.69
04-14-21,-0.69
04-15-21,-0.77
04-16-21,-0.77
04-19-21,-0.73
04-20-21,-0.74
04-21-21,-0.76
04-22-21,-0.76
04-23-21,-0.76
04-26-21,-0.78
04-27-21,-0.76
04-28-21,-0.78
04-29-21,-0.77
04-30-21,-0.76
05-03-21,-0.79
05-04-21,-0.81
05-05-21,-0.88
05-06-21,-0.87
05-07-21,-0.89
05-10-21,-0.91
05-11-21,-0.89
05-12-21,-0.85
05-13-21,-0.85
05-14-21,-0.88
05-17-21,-0.9
05-18-21,-0.88
05-19-21,-0.8
05-20-21,-0.78
05-21-21,-0.8
05-24-21,-0.83
05-25-21,-0.86
05-26-21,-0.82
05-27-21,-0.81
05-28-21,-0.84
05-31-21,
06-01-21,-0.84
06-02-21,-0.85
06-03-21,-0.79
06-04-21,-0.84
06-07-21,-0.82
06-08-21,-0.83
06-09-21,-0.82
06-10-21,-0.9
06-11-21,-0.85
06-14-21,-0.85
06-15-21,-0.87
06-16-21,-0.75
06-17-21,-0.75
06-18-21,-0.79
06-21-21,-0.75
06-22-21,-0.83
06-23-21,-0.84
06-24-21,-0.81
06-25-21,-0.8
06-28-21,-0.84
06-29-21,-0.83
06-30-21,-0.87
07-01-21,-0.87
07-02-21,-0.89
07-05-21,
07-06-21,-0.94
07-07-21,-0.95
07-08-21,-0.92
07-09-21,-0.91
07-12-21,-0.95
07-13-21,-0.94
07-14-21,-0.97
07-15-21,-1.01
07-16-21,-1.02
07-19-21,-1.05
07-20-21,-1.03
07-21-21,-0.98
07-22-21,-1.01
07-23-21,-1.05
07-26-21,-1.11
07-27-21,-1.13
07-28-21,-1.15
07-29-21,-1.15
07-30-21,-1.16
08-02-21,-1.17
08-03-21,-1.19
08-04-21,-1.16
08-05-21,-1.1
08-06-21,-1.06
08-09-21,-1.04
08-10-21,-1.04
08-11-21,-1.07
08-12-21,-1.05
08-13-21,-1.08
08-16-21,-1.1
08-17-21,-1.07
08-18-21,-1.05
08-19-21,-1.04
08-20-21,-1.01
08-23-21,-1.02
08-24-21,-1.01
08-25-21,-1
08-26-21,-0.99
08-27-21,-1.08
08-30-21,-1.08
08-31-21,-1.03
09-01-21,-1.03
09-02-21,-1.03
09-03-21,-1.01
09-06-21,
09-07-21,-0.98
09-08-21,-1.03
09-09-21,-1.08
09-10-21,-1.05
09-13-21,-1.04
09-14-21,-1.05
09-15-21,-1.04
09-16-21,-1.01
09-17-21,-0.96
09-20-21,-0.98
09-21-21,-0.96
09-22-21,-0.96
09-23-21,-0.9
09-24-21,-0.87
09-27-21,-0.87
09-28-21,-0.84
09-29-21,-0.82
09-30-21,-0.85
10-01-21,-0.9
10-04-21,-0.89
10-05-21,-0.91
10-06-21,-0.9
10-07-21,-0.88
10-08-21,-0.89
10-11-21,
10-12-21,-0.9
10-13-21,-0.96
10-14-21,-1
10-15-21,-0.97
10-18-21,-0.95
10-19-21,-0.89
10-20-21,-0.92
10-21-21,-0.96
10-22-21,-0.98
10-25-21,-1.02
10-26-21,-1.06
10-27-21,-1.11
10-28-21,-1
10-29-21,-0.96
11-01-21,-0.92
11-02-21,-0.95
11-03-21,-0.93
11-04-21,-1.03
11-05-21,-1.09
11-08-21,-1.11
11-09-21,-1.17
11-10-21,-1.14
11-11-21,
11-12-21,-1.15
11-15-21,-1.13
11-16-21,-1.1
11-17-21,-1.1
11-18-21,-1.14
11-19-21,-1.11
11-22-21,-0.98
11-23-21,-0.95
11-24-21,-0.97
11-25-21,
11-26-21,-1.07
11-29-21,-1.02
11-30-21,-1.07
12-01-21,-1.01
12-02-21,-1.03
12-03-21,-1.08
12-06-21,-1.01
12-07-21,-0.99
12-08-21,-1
12-09-21,-0.98
12-10-21,-0.96
12-13-21,-0.98
12-14-21,-0.93
12-15-21,-0.92
12-16-21,-0.98
12-17-21,-0.97
12-20-21,-0.96
12-21-21,-0.96
12-22-21,-1.01
12-23-21,-0.97
12-24-21,
12-27-21,-1.02
12-28-21,-1.01
12-29-21,-0.98
12-30-21,-1.06
12-31-21,-1.04
01-03-22,-0.97
01-04-22,-0.91
01-05-22,-0.82
01-06-22,-0.73
01-07-22,-0.72
01-10-22,-0.7
01-11-22,-0.79
01-12-22,-0.74
01-13-22,-0.73
01-14-22,-0.66
01-17-22,
01-18-22,-0.59
01-19-22,-0.57
01-20-22,-0.5
01-21-22,-0.59
01-24-22,-0.63
01-25-22,-0.63
01-26-22,-0.53
01-27-22,-0.59
01-28-22,-0.66
01-31-22,-0.65
02-01-22,-0.62
02-02-22,-0.63
02-03-22,-0.56
02-04-22,-0.48
02-07-22,-0.48
02-08-22,-0.46
02-09-22,-0.48
02-10-22,-0.42
02-11-22,-0.51
02-14-22,-0.5
02-15-22,-0.43
02-16-22,-0.43
02-17-22,-0.46
02-18-22,-0.49
02-21-22,
02-22-22,-0.51
02-23-22,-0.54
02-24-22,-0.59
02-25-22,-0.57
02-28-22,-0.79
03-01-22,-0.9
03-02-22,-0.85
03-03-22,-0.83
03-04-22,-0.93
03-07-22,-0.99
03-08-22,-1.04
03-09-22,-0.9
03-10-22,-0.88
03-11-22,-0.94
03-14-22,-0.79
03-15-22,-0.69
03-16-22,-0.61
03-17-22,-0.71
03-18-22,-0.72
03-21-22,-0.58
03-22-22,-0.53
03-23-22,-0.62
03-24-22,-0.58
03-25-22,-0.47
03-28-22,-0.49
03-29-22,-0.45
03-30-22,-0.51
03-31-22,-0.52
04-01-22,-0.41
04-04-22,-0.38
04-05-22,-0.3
04-06-22,-0.22
04-07-22,-0.16
04-08-22,-0.15
04-11-22,-0.12
04-12-22,-0.14
04-13-22,-0.1
04-14-22,-0.06
04-15-22,
04-18-22,-0.07
04-19-22,0
04-20-22,-0.07
04-21-22,-0.12
04-22-22,-0.08
04-25-22,-0.1
04-26-22,-0.08
04-27-22,-0.06
04-28-22,-0.12
04-29-22,0.01
05-02-22,0.18
05-03-22,0.14
05-04-22,0.07
05-05-22,0.18
05-06-22,0.26
05-09-22,0.3
05-10-22,0.34
05-11-22,0.21
05-12-22,0.25
05-13-22,0.24
05-16-22,0.2
05-17-22,0.27
05-18-22,0.17
05-19-22,0.25
05-20-22,0.23
05-23-22,0.26
05-24-22,0.21
05-25-22,0.19
05-26-22,0.13
05-27-22,0.11
05-30-22,
05-31-22,0.21
06-01-22,0.29
06-02-22,0.26
06-03-22,0.22
06-06-22,0.28
06-07-22,0.25
06-08-22,0.28
06-09-22,0.29
06-10-22,0.39
06-13-22,0.69
06-14-22,0.89
06-15-22,0.63
06-16-22,0.66
06-17-22,0.67
06-20-22,
06-21-22,0.7
06-22-22,0.62
06-23-22,0.59
06-24-22,0.57
06-27-22,0.65
06-28-22,0.72
06-29-22,0.74
06-30-22,0.65
07-01-22,0.54
07-04-22,
07-05-22,0.52
07-06-22,0.64
07-07-22,0.68
07-08-22,0.72
07-11-22,0.67
07-12-22,0.64
07-13-22,0.6
07-14-22,0.62
07-15-22,0.57
07-18-22,0.59
07-19-22,0.62
07-20-22,0.66
07-21-22,0.58
07-22-22,0.43
07-25-22,0.45
07-26-22,0.45
07-27-22,0.36
07-28-22,0.2
07-29-22,0.14
08-01-22,0.09
08-02-22,0.27
08-03-22,0.23
08-04-22,0.22
08-05-22,0.37
08-08-22,0.29
08-09-22,0.33
08-10-22,0.35
08-11-22,0.4
08-12-22,0.37
08-15-22,0.35
08-16-22,0.38
08-17-22,0.43
08-18-22,0.36
08-19-22,0.43
08-22-22,0.46
08-23-22,0.47
08-24-22,0.49
08-25-22,0.43
08-26-22,0.47
08-29-22,0.54
08-30-22,0.56
08-31-22,0.67
09-01-22,0.81
09-02-22,0.73
09-05-22,
09-06-22,0.85
09-07-22,0.82
09-08-22,0.88
09-09-22,0.91
09-12-22,0.95
09-13-22,0.98
09-14-22,0.95
09-15-22,1.02
09-16-22,1.07
09-19-22,1.15
09-20-22,1.17
09-21-22,1.13
09-22-22,1.29
09-23-22,1.32
09-26-22,1.56
09-27-22,1.64
09-28-22,1.39
09-29-22,1.57
09-30-22,1.68
10-03-22,1.43
10-04-22,1.38
10-05-22,1.54
10-06-22,1.61
10-07-22,1.62
10-10-22,
10-11-22,1.62
10-12-22,1.62
10-13-22,1.63
10-14-22,1.59
10-17-22,1.57
10-18-22,1.6
10-19-22,1.72
10-20-22,1.73
10-21-22,1.69
10-24-22,1.66
10-25-22,1.59
10-26-22,1.6
10-27-22,1.51
10-28-22,1.51
10-31-22,1.58
11-01-22,1.56
11-02-22,1.57
11-03-22,1.74
11-04-22,1.69
11-07-22,1.69
11-08-22,1.64
11-09-22,1.7
11-10-22,1.43
11-11-22,
11-14-22,1.51
11-15-22,1.45
11-16-22,1.38
11-17-22,1.49
11-18-22,1.57
11-21-22,1.52
11-22-22,1.44
11-23-22,1.39
11-24-22,
11-25-22,1.36
11-28-22,1.43
11-29-22,1.5
11-30-22,1.34
12-01-22,1.17
12-02-22,1.08
12-05-22,1.21
12-06-22,1.2
12-07-22,1.16
12-08-22,1.2
12-09-22,1.31
12-12-22,1.33
12-13-22,1.27
12-14-22,1.3
12-15-22,1.28
12-16-22,1.35
12-19-22,1.42
12-20-22,1.45
12-21-22,1.41
12-22-22,1.48
12-23-22,1.55
12-26-22,
12-27-22,1.58
12-28-22,1.6
12-29-22,1.56
12-30-22,1.58
01-02-23,
01-03-23,1.53
01-04-23,1.47
01-05-23,1.49
01-06-23,1.34
01-09-23,1.31
01-10-23,1.37
01-11-23,1.31
01-12-23,1.22
01-13-23,1.31
01-16-23,
01-17-23,1.36
01-18-23,1.25
01-19-23,1.19
01-20-23,1.25
01-23-23,1.24
01-24-23,1.19
01-25-23,1.17
01-26-23,1.16
01-27-23,1.19
01-30-23,1.26
01-31-23,1.28
02-01-23,1.14
02-02-23,1.18
02-03-23,1.31
02-06-23,1.38
02-07-23,1.36
02-08-23,1.29
02-09-23,1.34
02-10-23,1.41
02-13-23,1.41
02-14-23,1.46
02-15-23,1.46
02-16-23,1.49
02-17-23,1.46
02-20-23,
02-21-23,1.53
02-22-23,1.52
02-23-23,1.49
02-24-23,1.57
02-27-23,1.56
02-28-23,1.49
03-01-23,1.57
03-02-23,1.6
03-03-23,1.45
03-06-23,1.49
03-07-23,1.59
03-08-23,1.66
03-09-23,1.63
03-10-23,1.44
03-13-23,1.31
03-14-23,1.33
03-15-23,1.22
03-16-23,1.34
03-17-23,1.29
03-20-23,1.33
03-21-23,1.36
03-22-23,1.2
03-23-23,1.19
03-24-23,1.16
03-27-23,1.29
03-28-23,1.24
03-29-23,1.24
03-30-23,1.21
03-31-23,1.16
04-03-23,1.14
04-04-23,1.1
04-05-23,1.07
04-06-23,1.06
04-07-23,1.14
04-10-23,1.14
04-11-23,1.14
04-12-23,1.14
04-13-23,1.16
04-14-23,1.22
04-17-23,1.28
04-18-23,1.3
04-19-23,1.32
04-20-23,1.28
04-21-23,1.29
04-24-23,1.24
04-25-23,1.15
04-26-23,1.18
04-27-23,1.26
04-28-23,1.26
05-01-23,1.36
05-02-23,1.24
05-03-23,1.18
05-04-23,1.18
05-05-23,1.23
05-08-23,1.29
05-09-23,1.3
05-10-23,1.26
05-11-23,1.23
05-12-23,1.28
05-15-23,1.31
05-16-23,1.35
05-17-23,1.35
05-18-23,1.42
05-19-23,1.46
05-22-23,1.48
05-23-23,1.44
05-24-23,1.48
05-25-23,1.58
05-26-23,1.57
05-29-23,
05-30-23,1.47
05-31-23,1.46
06-01-23,1.45
06-02-23,1.51
06-05-23,1.5
06-06-23,1.5
06-07-23,1.58
06-08-23,1.53
06-09-23,1.55
06-12-23,1.56
06-13-23,1.64
06-14-23,1.62
06-15-23,1.51
06-16-23,1.55
06-19-23,
06-20-23,1.52
06-21-23,1.51
06-22-23,1.56
06-23-23,1.53
06-26-23,1.54
06-27-23,1.57
06-28-23,1.53
06-29-23,1.65
06-30-23,1.59
07-03-23,1.61
07-04-23,
07-05-23,1.69
07-06-23,1.78
07-07-23,1.79
07-10-23,1.76
07-11-23,1.75
07-12-23,1.6
07-13-23,1.52
07-14-23,1.59
07-17-23,1.56
07-18-23,1.57
07-19-23,1.53
07-20-23,1.5
07-21-23,1.49
07-24-23,1.48
07-25-23,1.52
07-26-23,1.5
07-27-23,1.64
07-28-23,1.58
07-31-23,1.6
08-01-23,1.68
08-02-23,1.72
08-03-23,1.83
08-04-23,1.67
08-07-23,1.68
08-08-23,1.66
08-09-23,1.66
08-10-23,1.76
08-11-23,1.8
08-14-23,1.83
08-15-23,1.89
08-16-23,1.96
08-17-23,1.97
08-18-23,1.94
08-21-23,2
08-22-23,1.99
08-23-23,1.84
08-24-23,1.91
08-25-23,1.92
08-28-23,1.9
08-29-23,1.83
08-30-23,1.86
08-31-23,1.85
09-01-23,1.92
09-04-23,
09-05-23,1.98
09-06-23,2
09-07-23,1.95
09-08-23,1.93
09-11-23,1.94
09-12-23,1.93
09-13-23,1.9
09-14-23,1.95
09-15-23,1.98
09-18-23,1.96
09-19-23,2
09-20-23,2
09-21-23,2.11
09-22-23,2.07
09-25-23,2.18
09-26-23,2.23
09-27-23,2.27
09-28-23,2.2
09-29-23,2.24
10-02-23,2.34
10-03-23,2.45
10-04-23,2.4
10-05-23,2.41
10-06-23,2.47
10-09-23,
10-10-23,2.34
10-11-23,2.26
10-12-23,2.36
10-13-23,2.29
10-16-23,2.33
10-17-23,2.42
10-18-23,2.47
10-19-23,2.49
10-20-23,2.46
10-23-23,2.45
10-24-23,2.43
10-25-23,2.52
10-26-23,2.44
10-27-23,2.42
10-30-23,2.44
10-31-23,2.46
11-01-23,2.36
11-02-23,2.27
11-03-23,2.18
11-06-23,2.25
11-07-23,2.19
11-08-23,2.15
11-09-23,2.29
11-10-23,2.29
11-13-23,2.32
11-14-23,2.16
11-15-23,2.22
11-16-23,2.18
11-17-23,2.16
11-20-23,2.12
11-21-23,2.16
11-22-23,2.16
11-23-23,
11-24-23,2.21
11-27-23,2.18
11-28-23,2.12
11-29-23,2.06
11-30-23,2.14
12-01-23,2
12-04-23,2.07
12-05-23,2.01
12-06-23,1.98
12-07-23,1.97
12-08-23,2.02
12-11-23,2.04
12-12-23,2.04
12-13-23,1.88
12-14-23,1.7
12-15-23,1.69
12-18-23,1.74
12-19-23,1.74
12-20-23,1.67
12-21-23,1.7
12-22-23,1.71
12-25-23,
12-26-23,1.71
12-27-23,1.64
12-28-23,1.68
12-29-23,1.72
01-01-24,
01-02-24,1.74
01-03-24,1.71
01-04-24,1.77
01-05-24,1.83
01-08-24,1.79
01-09-24,1.8
01-10-24,1.82
01-11-24,1.76
01-12-24,1.69
01-15-24,
01-16-24,1.77
01-17-24,1.8
01-18-24,1.8
01-19-24,1.81
01-22-24,1.8
01-23-24,1.85
01-24-24,1.88
01-25-24,1.85
01-26-24,1.85
01-29-24,1.78
01-30-24,1.8
01-31-24,1.73
02-01-24,1.68
02-02-24,1.82
02-05-24,1.9
02-06-24,1.85
02-07-24,1.86
02-08-24,1.91
02-09-24,1.92
02-12-24,1.93
02-13-24,2.02
02-14-24,1.97
02-15-24,1.94
02-16-24,1.97
02-19-24,
02-20-24,1.95
02-21-24,1.98
02-22-24,2.02
02-23-24,1.96
02-26-24,1.97
02-27-24,1.99
02-28-24,1.94
02-29-24,1.92
03-01-24,1.87
03-04-24,1.88
03-05-24,1.81
03-06-24,1.81
03-07-24,1.81
03-08-24,1.81
03-11-24,1.83
03-12-24,1.86
03-13-24,1.89
03-14-24,1.99
03-15-24,1.99
03-18-24,2.03
03-19-24,2
03-20-24,1.96
03-21-24,1.93
03-22-24,1.87
03-25-24,1.92
03-26-24,1.92
03-27-24,1.88
03-28-24,1.88
03-29-24,
04-01-24,1.98
04-02-24,2
04-03-24,2
04-04-24,1.97
04-05-24,2.02
04-08-24,2.04
04-09-24,2
04-10-24,2.15
04-11-24,2.16
04-12-24,2.11
04-15-24,2.2
04-16-24,2.24
04-17-24,2.2
04-18-24,2.24
04-19-24,2.21
04-22-24,2.21
04-23-24,2.2
04-24-24,2.24
04-25-24,2.28
04-26-24,2.24
04-29-24,2.22
04-30-24,2.28
05-01-24,2.25
05-02-24,2.21
05-03-24,2.15
05-06-24,2.14
05-07-24,2.15
05-08-24,2.17
05-09-24,2.13
05-10-24,2.16
05-13-24,2.15
05-14-24,2.12
05-15-24,2.05
05-16-24,2.07
05-17-24,2.1
05-20-24,2.11
05-21-24,2.09
05-22-24,2.1
05-23-24,2.17
05-24-24,2.14
05-27-24,
05-28-24,2.2
05-29-24,2.25
05-30-24,2.19
05-31-24,2.16
06-03-24,2.08
06-04-24,2.02
06-05-24,1.99
06-06-24,2
06-07-24,2.13
06-10-24,2.16
06-11-24,2.12
06-12-24,2.09
06-13-24,2.03
06-14-24,2.03
06-17-24,2.06
06-18-24,2.01
06-19-24,
06-20-24,2
06-21-24,2.02
06-24-24,2.03
06-25-24,2.01
06-26-24,2.06
06-27-24,2.03
06-28-24,2.08
07-01-24,2.16
07-02-24,2.13
07-03-24,2.09
07-04-24,
07-05-24,2
07-08-24,2.01
07-09-24,2.04
07-10-24,2.01
07-11-24,1.95
07-12-24,1.94
07-15-24,1.96
07-16-24,1.91
07-17-24,1.9
07-18-24,1.89
07-19-24,1.93
07-22-24,1.96
07-23-24,1.96
07-24-24,2
07-25-24,1.99
07-26-24,1.93
07-29-24,1.92
07-30-24,1.9
07-31-24,1.85
08-01-24,1.79
08-02-24,1.76
08-05-24,1.71
08-06-24,1.78
08-07-24,1.85
08-08-24,1.87
08-09-24,1.84
08-12-24,1.79
08-13-24,1.76
08-14-24,1.77
08-15-24,1.8
08-16-24,1.81
08-19-24,1.79
08-20-24,1.75
08-21-24,1.72
08-22-24,1.76
08-23-24,1.68
08-26-24,1.67
08-27-24,1.68
08-28-24,1.69
08-29-24,1.71
08-30-24,1.76
09-02-24,
09-03-24,1.73
09-04-24,1.7
09-05-24,1.7
09-06-24,1.69
09-09-24,1.66
09-10-24,1.63
09-11-24,1.61
09-12-24,1.63
09-13-24,1.58
09-16-24,1.54
09-17-24,1.53
09-18-24,1.58
09-19-24,1.56
09-20-24,1.58
09-23-24,1.58
09-24-24,1.55
09-25-24,1.61
09-26-24,1.63
09-27-24,1.6
09-30-24,1.63
10-01-24,1.55
10-02-24,1.58
10-03-24,1.64
10-04-24,1.75
10-07-24,1.76
10-08-24,1.77
10-09-24,1.77
10-10-24,1.76
10-11-24,1.75
10-14-24,
10-15-24,1.75
10-16-24,1.75
10-17-24,1.79
10-18-24,1.77
10-21-24,1.88
10-22-24,1.87
10-23-24,1.93
10-24-24,1.91
10-25-24,1.96
10-28-24,1.99
10-29-24,1.98
10-30-24,1.95
10-31-24,1.95
11-01-24,2.04
11-04-24,2.03
11-05-24,1.99
11-06-24,2.04
11-07-24,1.98
11-08-24,1.95
11-11-24,
11-12-24,2.08
11-13-24,2.09
11-14-24,2.1
11-15-24,2.1
11-18-24,2.08
11-19-24,2.05
11-20-24,2.06
11-21-24,2.09
11-22-24,2.07
11-25-24,1.98
11-26-24,2.02
11-27-24,1.99
11-28-24,
11-29-24,1.92
12-02-24,1.93
12-03-24,1.95
12-04-24,1.9
12-05-24,1.92
12-06-24,1.91
12-09-24,1.93
12-10-24,1.93
12-11-24,1.96
12-12-24,2
12-13-24,2.07
12-16-24,2.07
12-17-24,2.09
12-18-24,2.18
12-19-24,2.28
12-20-24,2.23
12-23-24,2.27
12-24-24,2.24
12-25-24,
12-26-24,2.23
12-27-24,2.28
12-30-24,2.24
12-31-24,2.24
01-01-25,
01-02-25,2.23
01-03-25,2.26
01-06-25,2.28
01-07-25,2.29
01-08-25,2.27
01-09-25,2.29
01-10-25,2.34
01-13-25,2.34
01-14-25,2.34
01-15-25,2.24
01-16-25,2.19
01-17-25,2.2
01-20-25,
01-21-25,2.19
01-22-25,2.2
01-23-25,2.23
01-24-25,2.2
01-27-25,2.13
01-28-25,2.13
01-29-25,2.15
01-30-25,2.14
01-31-25,2.16
02-03-25,2.09
02-04-25,2.08
02-05-25,2.01
02-06-25,2.03
02-07-25,2.07
02-10-25,2.07
02-11-25,2.08
02-12-25,2.16
02-13-25,2.08
02-14-25,2.04
02-17-25,
02-18-25,2.1
02-19-25,2.08
02-20-25,2.05
02-21-25,2
02-24-25,1.98
02-25-25,1.92
02-26-25,1.89
02-27-25,1.92
02-28-25,1.86
03-03-25,1.8
03-04-25,1.87
03-05-25,1.94
03-06-25,1.95
03-07-25,1.99
03-10-25,1.91
03-11-25,1.97
03-12-25,1.99
03-13-25,1.98
03-14-25,2.01
03-17-25,2.02
03-18-25,1.99
03-19-25,1.94
03-20-25,1.93
03-21-25,1.92
03-24-25,1.98
03-25-25,1.96
03-26-25,1.98
03-27-25,1.99
03-28-25,1.9
03-31-25,1.85
04-01-25,1.84
04-02-25,1.88
04-03-25,1.78
04-04-25,1.83
04-07-25,1.96
04-08-25,2.04
04-09-25,2.07
04-10-25,2.21
04-11-25,2.28
04-14-25,2.15
04-15-25,2.16
04-16-25,2.12
04-17-25,2.11
04-18-25,
04-21-25,2.2
04-22-25,2.14
04-23-25,2.11
04-24-25,2.02
04-25-25,2.02
04-28-25,1.98
04-29-25,1.96
04-30-25,1.94
05-01-25,2
05-02-25,2.06
05-05-25,2.08
05-06-25,2.04
05-07-25,2.01
05-08-25,2.08
05-09-25,2.08
05-12-25,2.16
05-13-25,2.17
05-14-25,2.16
05-15-25,2.11
05-16-25,2.09
05-19-25,2.1
05-20-25,2.13
05-21-25,2.23
05-22-25,2.2
05-23-25,2.18
05-26-25,
05-27-25,2.11
05-28-25,2.15
05-29-25,2.11
05-30-25,2.07
06-02-25,2.13
06-03-25,2.14
06-04-25,2.06
06-05-25,2.11
06-06-25,2.2
06-09-25,2.18
06-10-25,2.18
06-11-25,2.14
06-12-25,2.11
06-13-25,2.13
06-16-25,2.16
06-17-25,2.08
06-18-25,2.07
06-19-25,
06-20-25,2.05
06-23-25,2.04
06-24-25,2.01
06-25-25,2.01
06-26-25,1.98
06-27-25,2
06-30-25,1.95
07-01-25,1.97
07-02-25,2
07-03-25,2.02
07-04-25,
07-07-25,2.05
07-08-25,2.07
07-09-25,2.01
07-10-25,2.01
07-11-25,2.06
07-14-25,2.04
07-15-25,2.09
07-16-25,2.05
07-17-25,2.04
07-18-25,2.03
07-21-25,1.98
07-22-25,1.96
07-23-25,2.03
07-24-25,1.98
07-25-25,1.96
07-28-25,1.98
07-29-25,1.91
07-30-25,1.96
07-31-25,1.98
08-01-25,1.9
08-04-25,1.85
08-05-25,1.86
08-06-25,1.88
08-07-25,1.88
08-08-25,1.88
08-11-25,1.87
08-12-25,1.91
08-13-25,1.87
08-14-25,1.9
08-15-25,1.95
08-18-25,1.96
08-19-25,1.95
08-20-25,1.94
08-21-25,1.94
08-22-25,1.85
08-25-25,1.87
08-26-25,1.84
08-27-25,1.81
08-28-25,1.81
08-29-25,1.82
09-01-25,
09-02-25,1.87
09-03-25,1.82
09-04-25,1.79
09-05-25,1.73
09-08-25,1.7
09-09-25,1.72
09-10-25,1.69
09-11-25,1.67
09-12-25,1.7
09-15-25,1.68
09-16-25,1.67
09-17-25,1.68
09-18-25,1.73
09-19-25,1.75
09-22-25,1.78
09-23-25,1.75
09-24-25,1.78
09-25-25,1.8
09-26-25,1.82
09-29-25,1.8
09-30-25,1.8
10-01-25,1.77
10-02-25,1.76
10-03-25,1.8
10-06-25,1.84
10-07-25,1.79
10-08-25,1.78