time,GVZCLS
01-07-13,14.51
01-08-13,14.08
01-09-13,14.16
01-10-13,13.27
01-11-13,13.79
01-14-13,13.78
01-15-13,13.76
01-16-13,14.49
01-17-13,14.9
01-18-13,13.8
01-21-13,
01-22-13,12.71
01-23-13,12.46
01-24-13,13.03
01-25-13,14.08
01-28-13,14.39
01-29-13,13.59
01-30-13,13.21
01-31-13,13.76
02-01-13,13.32
02-04-13,13.78
02-05-13,13.03
02-06-13,13.57
02-07-13,13.59
02-08-13,13.14
02-11-13,14.38
02-12-13,14.06
02-13-13,14.7
02-14-13,14.72
02-15-13,15.9
02-18-13,
02-19-13,15.75
02-20-13,18.59
02-21-13,16.9
02-22-13,16.26
02-25-13,17.48
02-26-13,15.61
02-27-13,15.57
02-28-13,15.79
03-01-13,15.75
03-04-13,16.03
03-05-13,15.47
03-06-13,15.05
03-07-13,14.84
03-08-13,13.54
03-11-13,12.96
03-12-13,12.07
03-13-13,12.24
03-14-13,12.59
03-15-13,12.43
03-18-13,13.3
03-19-13,14.52
03-20-13,13.33
03-21-13,13.37
03-22-13,12.89
03-25-13,12.99
03-26-13,12.48
03-27-13,12.33
03-28-13,12.41
03-29-13,
04-01-13,13.13
04-02-13,13.73
04-03-13,15.21
04-04-13,16.03
04-05-13,14.46
04-08-13,14.22
04-09-13,13.54
04-10-13,15.15
04-11-13,15.29
04-12-13,21.32
04-15-13,34.48
04-16-13,30.02
04-17-13,26.93
04-18-13,24.57
04-19-13,24.37
04-22-13,23.28
04-23-13,23.68
04-24-13,21.49
04-25-13,22.35
04-26-13,24.21
04-29-13,23.16
04-30-13,22.09
05-01-13,22.93
05-02-13,22.06
05-03-13,20.37
05-06-13,20.37
05-07-13,22.07
05-08-13,20.64
05-09-13,21.62
05-10-13,23.95
05-13-13,25.04
05-14-13,25.06
05-15-13,28.01
05-16-13,27.18
05-17-13,28.34
05-20-13,26.66
05-21-13,27.18
05-22-13,27.61
05-23-13,26.08
05-24-13,24.9
05-27-13,
05-28-13,24.86
05-29-13,22.76
05-30-13,21.43
05-31-13,22.63
06-03-13,21.68
06-04-13,22.32
06-05-13,22.65
06-06-13,22.33
06-07-13,23.58
06-10-13,22.68
06-11-13,23.27
06-12-13,22.04
06-13-13,22.69
06-14-13,20.91
06-17-13,21.27
06-18-13,22.7
06-19-13,22.53
06-20-13,29.94
06-21-13,27.19
06-24-13,27.69
06-25-13,25.86
06-26-13,31.43
06-27-13,33.51
06-28-13,31.84
07-01-13,28.84
07-02-13,28.19
07-03-13,27.25
07-04-13,
07-05-13,27.15
07-08-13,26.79
07-09-13,25.68
07-10-13,26.24
07-11-13,23.85
07-12-13,24.07
07-15-13,23.53
07-16-13,23.2
07-17-13,23.61
07-18-13,22.52
07-19-13,21.19
07-22-13,21.76
07-23-13,21.66
07-24-13,22.61
07-25-13,21.77
07-26-13,22.22
07-29-13,22.77
07-30-13,23.72
07-31-13,24.99
08-01-13,24.61
08-02-13,24.24
08-05-13,23.49
08-06-13,23.82
08-07-13,23.49
08-08-13,21.71
08-09-13,21.5
08-12-13,21.58
08-13-13,21.37
08-14-13,21.21
08-15-13,22.45
08-16-13,22.97
08-19-13,24.25
08-20-13,23.82
08-21-13,23.28
08-22-13,22.69
08-23-13,22.63
08-26-13,23.67
08-27-13,23.9
08-28-13,25.89
08-29-13,24.36
08-30-13,24.44
09-02-13,
09-03-13,25.2
09-04-13,24.61
09-05-13,25.64
09-06-13,23.59
09-09-13,22.04
09-10-13,22.58
09-11-13,22.63
09-12-13,25.09
09-13-13,24.88
09-16-13,25.12
09-17-13,25.35
09-18-13,23.2
09-19-13,21.75
09-20-13,22.27
09-23-13,22.7
09-24-13,22.84
09-25-13,21.97
09-26-13,21.79
09-27-13,22.57
09-30-13,23.72
10-01-13,25.48
10-02-13,24.04
10-03-13,24.54
10-04-13,24.77
10-07-13,24.81
10-08-13,25.44
10-09-13,25.81
10-10-13,25.36
10-11-13,25.83
10-14-13,26.45
10-15-13,26.07
10-16-13,24.72
10-17-13,22.31
10-18-13,21.43
10-21-13,21.52
10-22-13,20.75
10-23-13,20.52
10-24-13,20.67
10-25-13,19.9
10-28-13,20.32
10-29-13,20.65
10-30-13,20.81
10-31-13,20.57
11-01-13,20.68
11-04-13,20.3
11-05-13,20.19
11-06-13,19.43
11-07-13,20.01
11-08-13,19.37
11-11-13,19.15
11-12-13,21.2
11-13-13,20.46
11-14-13,19.44
11-15-13,18.03
11-18-13,19.52
11-19-13,19.45
11-20-13,23.04
11-21-13,21.3
11-22-13,20.33
11-25-13,20.02
11-26-13,19.68
11-27-13,19.75
11-28-13,
11-29-13,19.33
12-02-13,21.43
12-03-13,21.09
12-04-13,20.82
12-05-13,21.78
12-06-13,20.5
12-09-13,20.65
12-10-13,19.63
12-11-13,20.02
12-12-13,22.24
12-13-13,21.87
12-16-13,21.91
12-17-13,21.79
12-18-13,21.39
12-19-13,22.07
12-20-13,21.01
12-23-13,20.76
12-24-13,20.08
12-25-13,
12-26-13,19.84
12-27-13,19.1
12-30-13,20.75
12-31-13,21.65
01-01-14,
01-02-14,20.42
01-03-14,19.19
01-06-14,19.5
01-07-14,19.12
01-08-14,19.43
01-09-14,18.46
01-10-14,17.27
01-13-14,16.67
01-14-14,16.5
01-15-14,16.43
01-16-14,15.39
01-17-14,14.34
01-20-14,
01-21-14,15.97
01-22-14,15.62
01-23-14,16.01
01-24-14,17.54
01-27-14,18.38
01-28-14,18.71
01-29-14,17.45
01-30-14,17.97
01-31-14,18.62
02-03-14,19.15
02-04-14,18.51
02-05-14,18.52
02-06-14,17.93
02-07-14,16.59
02-10-14,17.08
02-11-14,16.81
02-12-14,16.23
02-13-14,16.13
02-14-14,16.26
02-17-14,
02-18-14,16.28
02-19-14,16.48
02-20-14,16.07
02-21-14,15.73
02-24-14,15.94
02-25-14,15.86
02-26-14,16.46
02-27-14,15.75
02-28-14,16.07
03-03-14,17.05
03-04-14,16.75
03-05-14,16.58
03-06-14,16.31
03-07-14,15.82
03-10-14,15.83
03-11-14,16.14
03-12-14,16.67
03-13-14,17.3
03-14-14,18.32
03-17-14,17.87
03-18-14,17.37
03-19-14,17.59
03-20-14,16.91
03-21-14,16.43
03-24-14,17.53
03-25-14,17.16
03-26-14,17.32
03-27-14,17.6
03-28-14,17.48
03-31-14,17.37
04-01-14,16.65
04-02-14,16.19
04-03-14,16.01
04-04-14,15.81
04-07-14,15.95
04-08-14,15.99
04-09-14,14.83
04-10-14,15.06
04-11-14,15.19
04-14-14,15.34
04-15-14,16.1
04-16-14,15.44
04-17-14,15.96
04-18-14,
04-21-14,16.22
04-22-14,16.19
04-23-14,15.61
04-24-14,15.86
04-25-14,16.07
04-28-14,15.56
04-29-14,15.31
04-30-14,15.52
05-01-14,15.15
05-02-14,14.85
05-05-14,15.51
05-06-14,15.02
05-07-14,15.4
05-08-14,14.87
05-09-14,14.76
05-12-14,14.04
05-13-14,13.61
05-14-14,13.76
05-15-14,14.57
05-16-14,14.04
05-19-14,14.23
05-20-14,14.07
05-21-14,14.36
05-22-14,13.98
05-23-14,14.52
05-26-14,
05-27-14,16.21
05-28-14,15.8
05-29-14,15.01
05-30-14,15.34
06-02-14,15.55
06-03-14,15.05
06-04-14,14.79
06-05-14,14.15
06-06-14,13.22
06-09-14,12.77
06-10-14,12.37
06-11-14,12.36
06-12-14,12.91
06-13-14,12.52
06-16-14,12.41
06-17-14,12.53
06-18-14,12.11
06-19-14,14.48
06-20-14,12.79
06-23-14,12.93
06-24-14,12.96
06-25-14,12.92
06-26-14,12.76
06-27-14,12.64
06-30-14,14.01
07-01-14,13.74
07-02-14,13.89
07-03-14,12.99
07-04-14,
07-07-14,12.99
07-08-14,12.83
07-09-14,13.05
07-10-14,12.91
07-11-14,13.27
07-14-14,14.23
07-15-14,14.73
07-16-14,14.67
07-17-14,15.52
07-18-14,14.35
07-21-14,14.69
07-22-14,14.62
07-23-14,14.07
07-24-14,14.33
07-25-14,14.68
07-28-14,14.55
07-29-14,15.05
07-30-14,14.85
07-31-14,15.46
08-01-14,14.37
08-04-14,14.17
08-05-14,14.76
08-06-14,14.51
08-07-14,14.82
08-08-14,14.85
08-11-14,14.49
08-12-14,14.35
08-13-14,13.53
08-14-14,12.55
08-15-14,13.33
08-18-14,13.46
08-19-14,13.43
08-20-14,13.51
08-21-14,13.84
08-22-14,13.46
08-25-14,13.55
08-26-14,13.24
08-27-14,12.72
08-28-14,12.9
08-29-14,12.85
09-01-14,
09-02-14,14.05
09-03-14,13.44
09-04-14,14.01
09-05-14,13.27
09-08-14,14.47
09-09-14,15.36
09-10-14,15.89
09-11-14,16.42
09-12-14,17.86
09-15-14,16.5
09-16-14,16.58
09-17-14,17.14
09-18-14,15.5
09-19-14,16.9
09-22-14,16.44
09-23-14,16.65
09-24-14,17.21
09-25-14,17.99
09-26-14,17.84
09-29-14,17.17
09-30-14,18.83
10-01-14,18.73
10-02-14,18.2
10-03-14,19.13
10-06-14,17.6
10-07-14,17.56
10-08-14,17.5
10-09-14,17.86
10-10-14,18.11
10-13-14,17.69
10-14-14,17.98
10-15-14,20.04
10-16-14,19.68
10-17-14,18.08
10-20-14,17.27
10-21-14,17.01
10-22-14,16.58
10-23-14,16.91
10-24-14,16.24
10-27-14,16.49
10-28-14,16.3
10-29-14,16.75
10-30-14,18.08
10-31-14,21.54
11-03-14,21.1
11-04-14,20.1
11-05-14,23.38
11-06-14,23.18
11-07-14,21.38
11-10-14,22.23
11-11-14,21.43
11-12-14,21.29
11-13-14,20.98
11-14-14,23.36
11-17-14,23.37
11-18-14,23.97
11-19-14,24.26
11-20-14,21.5
11-21-14,21.23
11-24-14,20.64
11-25-14,20.67
11-26-14,21.24
11-27-14,
11-28-14,25.17
12-01-14,22.33
12-02-14,21.29
12-03-14,20.62
12-04-14,20.29
12-05-14,20.02
12-08-14,19.62
12-09-14,20.04
12-10-14,19.27
12-11-14,19.11
12-12-14,19.66
12-15-14,20.95
12-16-14,22.08
12-17-14,20.9
12-18-14,19.28
12-19-14,18.68
12-22-14,20.26
12-23-14,19.76
12-24-14,19.37
12-25-14,
12-26-14,18.92
12-29-14,20.15
12-30-14,19.48
12-31-14,20.08
01-01-15,
01-02-15,20.23
01-05-15,21.26
01-06-15,20.78
01-07-15,20.35
01-08-15,19.2
01-09-15,18.44
01-12-15,17.65
01-13-15,17.63
01-14-15,18.52
01-15-15,21.83
01-16-15,22.66
01-19-15,
01-20-15,23.43
01-21-15,22.34
01-22-15,21.25
01-23-15,20.62
01-26-15,20.04
01-27-15,20.16
01-28-15,19.31
01-29-15,20.25
01-30-15,19.65
02-02-15,20.33
02-03-15,20.3
02-04-15,20.36
02-05-15,20.06
02-06-15,20.59
02-09-15,20.3
02-10-15,19.71
02-11-15,20.07
02-12-15,19.31
02-13-15,18.49
02-16-15,
02-17-15,19.61
02-18-15,19.54
02-19-15,18.62
02-20-15,19.26
02-23-15,19.4
02-24-15,18.77
02-25-15,17.4
02-26-15,16.65
02-27-15,15.91
03-02-15,16.38
03-03-15,16.76
03-04-15,16.66
03-05-15,16.9
03-06-15,18.43
03-09-15,17.58
03-10-15,18.97
03-11-15,20.01
03-12-15,19.07
03-13-15,18.9
03-16-15,19.14
03-17-15,20.83
03-18-15,18.65
03-19-15,17.25
03-20-15,17.21
03-23-15,17.26
03-24-15,16.84
03-25-15,16.38
03-26-15,16.02
03-27-15,15.83
03-30-15,16.64
03-31-15,16.34
04-01-15,16.04
04-02-15,16.01
04-03-15,
04-06-15,15.74
04-07-15,15.2
04-08-15,14.79
04-09-15,15
04-10-15,14.23
04-13-15,14.79
04-14-15,15.18
04-15-15,14.6
04-16-15,14.54
04-17-15,14.47
04-20-15,15.39
04-21-15,15.04
04-22-15,15.79
04-23-15,15.87
04-24-15,16.39
04-27-15,16.42
04-28-15,16.19
04-29-15,15.95
04-30-15,16.76
05-01-15,17.29
05-04-15,17.62
05-05-15,17.15
05-06-15,17.53
05-07-15,17.91
05-08-15,15.84
05-11-15,15.94
05-12-15,15.63
05-13-15,15.93
05-14-15,16.21
05-15-15,15.48
05-18-15,15.81
05-19-15,15.88
05-20-15,15.25
05-21-15,14.62
05-22-15,14.19
05-25-15,
05-26-15,15.22
05-27-15,14.08
05-28-15,14.51
05-29-15,13.99
06-01-15,14.88
06-02-15,14.86
06-03-15,15.15
06-04-15,16.01
06-05-15,15.12
06-08-15,15.14
06-09-15,14.83
06-10-15,14.37
06-11-15,14.3
06-12-15,13.99
06-15-15,14.34
06-16-15,14.36
06-17-15,13.58
06-18-15,13.53
06-19-15,13.26
06-22-15,13.85
06-23-15,13.89
06-24-15,13.83
06-25-15,13.12
06-26-15,13.22
06-29-15,14.5
06-30-15,15.34
07-01-15,14.86
07-02-15,14.42
07-03-15,
07-06-15,14.25
07-07-15,15.23
07-08-15,15.78
07-09-15,15.47
07-10-15,14.42
07-13-15,13.43
07-14-15,13.25
07-15-15,14.35
07-16-15,14.05
07-17-15,16.32
07-20-15,19.73
07-21-15,19.56
07-22-15,19.59
07-23-15,19.39
07-24-15,19.27
07-27-15,20.06
07-28-15,18.4
07-29-15,17.22
07-30-15,17.07
07-31-15,16.79
08-03-15,17.58
08-04-15,17.24
08-05-15,17.74
08-06-15,17.25
08-07-15,16.59
08-10-15,16.41
08-11-15,16.53
08-12-15,16.8
08-13-15,15.84
08-14-15,15.59
08-17-15,15.4
08-18-15,15.84
08-19-15,15.96
08-20-15,16.87
08-21-15,18.48
08-24-15,21.26
08-25-15,20.2
08-26-15,20.03
08-27-15,18.74
08-28-15,18.8
08-31-15,19.34
09-01-15,19.65
09-02-15,18.65
09-03-15,18.57
09-04-15,18.62
09-07-15,
09-08-15,18.31
09-09-15,17.8
09-10-15,16.89
09-11-15,17.38
09-14-15,17.63
09-15-15,17.69
09-16-15,18.05
09-17-15,16.63
09-18-15,16.46
09-21-15,16.59
09-22-15,17.35
09-23-15,17.34
09-24-15,19.26
09-25-15,18.33
09-28-15,18.28
09-29-15,17.67
09-30-15,17.47
10-01-15,16.9
10-02-15,16.71
10-05-15,16.68
10-06-15,17.54
10-07-15,17.13
10-08-15,16.91
10-09-15,16.92
10-12-15,16.24
10-13-15,17.14
10-14-15,18.35
10-15-15,17.9
10-16-15,16.59
10-19-15,16.94
10-20-15,16.79
10-21-15,15.9
10-22-15,15.59
10-23-15,15.59
10-26-15,15.78
10-27-15,15.3
10-28-15,15.63
10-29-15,15.77
10-30-15,15.39
11-02-15,15.28
11-03-15,17.19
11-04-15,18.02
11-05-15,17.82
11-06-15,17.36
11-09-15,17.55
11-10-15,17.36
11-11-15,17.89
11-12-15,18.47
11-13-15,18.29
11-16-15,18.5
11-17-15,20.17
11-18-15,19.4
11-19-15,18.04
11-20-15,17.26
11-23-15,17.7
11-24-15,16.72
11-25-15,16.39
11-26-15,
11-27-15,17.16
11-30-15,16.91
12-01-15,16.62
12-02-15,17.36
12-03-15,17.76
12-04-15,15.96
12-07-15,16.23
12-08-15,16.12
12-09-15,17.39
12-10-15,17.07
12-11-15,18.16
12-14-15,19.05
12-15-15,18.09
12-16-15,15.41
12-17-15,16.06
12-18-15,15.06
12-21-15,15.32
12-22-15,15.17
12-23-15,14.94
12-24-15,15.02
12-25-15,
12-28-15,16.06
12-29-15,15.22
12-30-15,15.25
12-31-15,14.99
01-01-16,
01-04-16,16.07
01-05-16,15.2
01-06-16,16.3
01-07-16,17.42
01-08-16,17.62
01-11-16,16.43
01-12-16,16.61
01-13-16,16.99
01-14-16,16.16
01-15-16,17.42
01-18-16,
01-19-16,16.17
01-20-16,16.56
01-21-16,16.77
01-22-16,15.91
01-25-16,17.13
01-26-16,17.26
01-27-16,16.71
01-28-16,15.41
01-29-16,15.73
02-01-16,16.81
02-02-16,16.2
02-03-16,17.84
02-04-16,17.39
02-05-16,19.58
02-08-16,20.38
02-09-16,21.72
02-10-16,21.36
02-11-16,28.37
02-12-16,24.1
02-15-16,
02-16-16,24.84
02-17-16,24.53
02-18-16,26.37
02-19-16,24.88
02-22-16,23.31
02-23-16,23.69
02-24-16,24.24
02-25-16,23.36
02-26-16,21.67
02-29-16,22.59
03-01-16,21.97
03-02-16,22
03-03-16,23.51
03-04-16,22.31
03-07-16,22.08
03-08-16,23.07
03-09-16,22.31
03-10-16,23.14
03-11-16,21.9
03-14-16,21.14
03-15-16,19.7
03-16-16,20.03
03-17-16,18.99
03-18-16,18.15
03-21-16,17.4
03-22-16,17.62
03-23-16,18
03-24-16,18.09
03-25-16,
03-28-16,17.53
03-29-16,19.52
03-30-16,18.58
03-31-16,18.45
04-01-16,18.04
04-04-16,17.95
04-05-16,18.16
04-06-16,17.82
04-07-16,19.32
04-08-16,18.74
04-11-16,19.58
04-12-16,19.09
04-13-16,17.96
04-14-16,17.83
04-15-16,17.41
04-18-16,17.3
04-19-16,17.42
04-20-16,16.69
04-21-16,17.9
04-22-16,17.21
04-25-16,17.66
04-26-16,17.43
04-27-16,16.43
04-28-16,17.9
04-29-16,20.23
05-02-16,19.29
05-03-16,18.7
05-04-16,19.47
05-05-16,18.46
05-06-16,18.65
05-09-16,18.65
05-10-16,18.04
05-11-16,18.35
05-12-16,17.84
05-13-16,18.29
05-16-16,18.49
05-17-16,18.17
05-18-16,18.2
05-19-16,17.85
05-20-16,17
05-23-16,16.8
05-24-16,16.66
05-25-16,15.98
05-26-16,15.29
05-27-16,15.39
05-30-16,
05-31-16,15.83
06-01-16,15.92
06-02-16,16.05
06-03-16,17.45
06-06-16,17.76
06-07-16,17.29
06-08-16,18.76
06-09-16,20.28
06-10-16,20.52
06-13-16,21.11
06-14-16,20.63
06-15-16,20.68
06-16-16,21.95
06-17-16,22.52
06-20-16,21.01
06-21-16,20.65
06-22-16,22.25
06-23-16,20.1
06-24-16,22.2
06-27-16,22.52
06-28-16,20.18
06-29-16,19.26
06-30-16,18.5
07-01-16,18.43
07-04-16,
07-05-16,20.09
07-06-16,21.18
07-07-16,20.55
07-08-16,18.79
07-11-16,18.93
07-12-16,17.94
07-13-16,17.61
07-14-16,17.15
07-15-16,16.91
07-18-16,16.96
07-19-16,16.71
07-20-16,17.21
07-21-16,17.77
07-22-16,17.61
07-25-16,17.74
07-26-16,17.45
07-27-16,16.93
07-28-16,16.31
07-29-16,15.8
08-01-16,16.28
08-02-16,16.45
08-03-16,16.18
08-04-16,16.06
08-05-16,15.6
08-08-16,15.49
08-09-16,14.41
08-10-16,14.89
08-11-16,15.37
08-12-16,15.01
08-15-16,14.67
08-16-16,16.13
08-17-16,15.83
08-18-16,14.97
08-19-16,15.35
08-22-16,15.82
08-23-16,15.62
08-24-16,16.89
08-25-16,16.73
08-26-16,16.17
08-29-16,15.95
08-30-16,15.99
08-31-16,16.01
09-01-16,16.25
09-02-16,14.58
09-05-16,
09-06-16,15.6
09-07-16,15
09-08-16,14.97
09-09-16,15.49
09-12-16,15.2
09-13-16,15.78
09-14-16,15.32
09-15-16,15.07
09-16-16,14.78
09-19-16,15.68
09-20-16,15.69
09-21-16,14.69
09-22-16,13.73
09-23-16,13.93
09-26-16,14.98
09-27-16,14.53
09-28-16,13.98
09-29-16,13.86
09-30-16,13.88
10-03-16,14.16
10-04-16,15.8
10-05-16,15.21
10-06-16,16.05
10-07-16,15.72
10-10-16,15.6
10-11-16,15.63
10-12-16,15.61
10-13-16,15.63
10-14-16,15.14
10-17-16,15.23
10-18-16,14.73
10-19-16,14.59
10-20-16,14.68
10-21-16,14.55
10-24-16,14.95
10-25-16,14.55
10-26-16,14.48
10-27-16,15
10-28-16,16.62
10-31-16,18.13
11-01-16,19.02
11-02-16,19.32
11-03-16,19.98
11-04-16,20.22
11-07-16,18.53
11-08-16,17.93
11-09-16,16.68
11-10-16,18.52
11-11-16,23.25
11-14-16,20.5
11-15-16,16.42
11-16-16,15.77
11-17-16,17.5
11-18-16,17.03
11-21-16,15.86
11-22-16,15.43
11-23-16,18.53
11-24-16,
11-25-16,18.47
11-28-16,17.39
11-29-16,17.28
11-30-16,19.18
12-01-16,19.39
12-02-16,18.44
12-05-16,17.56
12-06-16,17.06
12-07-16,16.87
12-08-16,16.48
12-09-16,18.66
12-12-16,16.97
12-13-16,16.17
12-14-16,18.21
12-15-16,17.89
12-16-16,17.55
12-19-16,16.05
12-20-16,16.69
12-21-16,15.82
12-22-16,15.28
12-23-16,16.36
12-26-16,
12-27-16,16.68
12-28-16,16.04
12-29-16,15.68
12-30-16,16.23
01-02-17,
01-03-17,16.26
01-04-17,15.16
01-05-17,14.98
01-06-17,14.55
01-09-17,14.38
01-10-17,14.32
01-11-17,14.96
01-12-17,14.6
01-13-17,14.63
01-16-17,
01-17-17,15.67
01-18-17,15.25
01-19-17,15.11
01-20-17,14.38
01-23-17,15.15
01-24-17,14.65
01-25-17,14.47
01-26-17,14.74
01-27-17,14.34
01-30-17,15.19
01-31-17,15.27
02-01-17,14.8
02-02-17,15.04
02-03-17,15.04
02-06-17,15.74
02-07-17,15.26
02-08-17,15.2
02-09-17,14.88
02-10-17,14.88
02-13-17,14.61
02-14-17,14.21
02-15-17,13.71
02-16-17,13.75
02-17-17,13.27
02-20-17,
02-21-17,13.72
02-22-17,13.26
02-23-17,13.68
02-24-17,13.54
02-27-17,14.44
02-28-17,14.3
03-01-17,14.41
03-02-17,13.89
03-03-17,13.66
03-06-17,13.24
03-07-17,13.22
03-08-17,13.58
03-09-17,13.62
03-10-17,13.03
03-13-17,11.27
03-14-17,11.57
03-15-17,11.23
03-16-17,11.12
03-17-17,10.8
03-20-17,11.35
03-21-17,12.13
03-22-17,12.28
03-23-17,12.58
03-24-17,12.06
03-27-17,12.51
03-28-17,12.35
03-29-17,11.65
03-30-17,12.09
03-31-17,12.41
04-03-17,12.61
04-04-17,12.41
04-05-17,13.23
04-06-17,12.85
04-07-17,13.45
04-10-17,13.75
04-11-17,15.2
04-12-17,16.08
04-13-17,16.2
04-14-17,
04-17-17,16.2
04-18-17,15.67
04-19-17,14.5
04-20-17,14.54
04-21-17,15.31
04-24-17,12.29
04-25-17,12.45
04-26-17,12.02
04-27-17,11.53
04-28-17,11.6
05-01-17,12.35
05-02-17,12.38
05-03-17,12.54
05-04-17,12.41
05-05-17,12.01
05-08-17,11.95
05-09-17,12.1
05-10-17,11.2
05-11-17,11.24
05-12-17,11.13
05-15-17,11.28
05-16-17,11.19
05-17-17,13.03
05-18-17,12.95
05-19-17,12.04
05-22-17,12.32
05-23-17,11.89
05-24-17,11.75
05-25-17,11.2
05-26-17,11.59
05-29-17,
05-30-17,11.62
05-31-17,11.82
06-01-17,11.81
06-02-17,12.09
06-05-17,12.44
06-06-17,13.23
06-07-17,13.16
06-08-17,12.62
06-09-17,12.5
06-12-17,12.41
06-13-17,12.16
06-14-17,11.5
06-15-17,11.03
06-16-17,10.16
06-19-17,10.69
06-20-17,11.14
06-21-17,11.25
06-22-17,11.24
06-23-17,10.86
06-26-17,11.05
06-27-17,11.96
06-28-17,11.38
06-29-17,11.21
06-30-17,11
07-03-17,11.93
07-04-17,
07-05-17,11.88
07-06-17,11.72
07-07-17,12.54
07-10-17,12.22
07-11-17,12.3
07-12-17,11.56
07-13-17,11.29
07-14-17,11.11
07-17-17,11.08
07-18-17,11.14
07-19-17,11.08
07-20-17,10.85
07-21-17,11.22
07-24-17,11.8
07-25-17,12.07
07-26-17,11.63
07-27-17,11.24
07-28-17,11.44
07-31-17,11.61
08-01-17,11.28
08-02-17,11.24
08-03-17,11.31
08-04-17,10.87
08-07-17,10.73
08-08-17,11.1
08-09-17,12.31
08-10-17,13.43
08-11-17,13.45
08-14-17,12.11
08-15-17,12.2
08-16-17,12.58
08-17-17,13.34
08-18-17,12.12
08-21-17,13.01
08-22-17,12.49
08-23-17,12.68
08-24-17,12.76
08-25-17,12.63
08-28-17,14.2
08-29-17,13.5
08-30-17,12.78
08-31-17,13.26
09-01-17,12.73
09-04-17,
09-05-17,14.3
09-06-17,14.17
09-07-17,14.49
09-08-17,13.77
09-11-17,13.28
09-12-17,11.56
09-13-17,11.98
09-14-17,12.19
09-15-17,12.06
09-18-17,12.69
09-19-17,12.27
09-20-17,12.32
09-21-17,12.19
09-22-17,12.37
09-25-17,13.77
09-26-17,13.32
09-27-17,12.99
09-28-17,11.75
09-29-17,11.77
10-02-17,11.72
10-03-17,11.38
10-04-17,11.41
10-05-17,11.4
10-06-17,11.53
10-09-17,11.96
10-10-17,12.22
10-11-17,12.13
10-12-17,11.82
10-13-17,11.76
10-16-17,12.13
10-17-17,11.64
10-18-17,11.88
10-19-17,11.94
10-20-17,11.49
10-23-17,11.69
10-24-17,11.73
10-25-17,12.02
10-26-17,11.62
10-27-17,11.48
10-30-17,11.74
10-31-17,11.81
11-01-17,11.8
11-02-17,10.95
11-03-17,10.65
11-06-17,10.94
11-07-17,10.98
11-08-17,11.32
11-09-17,11.73
11-10-17,11.68
11-13-17,11.53
11-14-17,11.61
11-15-17,11.75
11-16-17,11.02
11-17-17,10.62
11-20-17,11.18
11-21-17,10.84
11-22-17,10.75
11-23-17,
11-24-17,10.58
11-27-17,10.72
11-28-17,10.64
11-29-17,11.02
11-30-17,11.79
12-01-17,11.39
12-04-17,11.38
12-05-17,12.28
12-06-17,11.67
12-07-17,12.99
12-08-17,11.7
12-11-17,11.46
12-12-17,12.14
12-13-17,10.87
12-14-17,10.4
12-15-17,9.43
12-18-17,9.93
12-19-17,10.32
12-20-17,9.79
12-21-17,9.64
12-22-17,10.01
12-25-17,
12-26-17,11.17
12-27-17,10.73
12-28-17,10.43
12-29-17,10.96
01-01-18,
01-02-18,11.96
01-03-18,11.56
01-04-18,11.8
01-05-18,11.26
01-08-18,11.19
01-09-18,10.79
01-10-18,10.79
01-11-18,10.96
01-12-18,11.62
01-15-18,
01-16-18,12.09
01-17-18,11.77
01-18-18,12.26
01-19-18,11.43
01-22-18,11.66
01-23-18,11.72
01-24-18,13.38
01-25-18,13.04
01-26-18,12.98
01-29-18,13.25
01-30-18,13.86
01-31-18,12.97
02-01-18,12.32
02-02-18,13.11
02-05-18,14.35
02-06-18,13.8
02-07-18,13.62
02-08-18,14.85
02-09-18,14.93
02-12-18,14.37
02-13-18,14.07
02-14-18,14.97
02-15-18,15.03
02-16-18,13.96
02-19-18,
02-20-18,14.08
02-21-18,13.83
02-22-18,13.47
02-23-18,11.97
02-26-18,11.89
02-27-18,11.76
02-28-18,11.74
03-01-18,12.07
03-02-18,11.97
03-05-18,11.89
03-06-18,12.33
03-07-18,12.37
03-08-18,11.57
03-09-18,10.94
03-12-18,11.01
03-13-18,10.7
03-14-18,10.41
03-15-18,10.4
03-16-18,9.88
03-19-18,10.99
03-20-18,11.01
03-21-18,10.91
03-22-18,11.24
03-23-18,13.46
03-26-18,12.95
03-27-18,12.22
03-28-18,11.74
03-29-18,11.06
03-30-18,
04-02-18,12.86
04-03-18,11.8
04-04-18,12
04-05-18,11.55
04-06-18,11.95
04-09-18,12.39
04-10-18,12.78
04-11-18,14.36
04-12-18,12.88
04-13-18,13.36
04-16-18,13.43
04-17-18,13.07
04-18-18,13.46
04-19-18,12.88
04-20-18,12.14
04-23-18,12.13
04-24-18,12.24
04-25-18,11.97
04-26-18,11.49
04-27-18,10.99
04-30-18,11.15
05-01-18,11.88
05-02-18,11.64
05-03-18,11.46
05-04-18,10.99
05-07-18,11.32
05-08-18,11.5
05-09-18,11.39
05-10-18,11.42
05-11-18,11.04
05-14-18,11.15
05-15-18,11.91
05-16-18,11.77
05-17-18,11.64
05-18-18,11.11
05-21-18,11.62
05-22-18,10.9
05-23-18,11.18
05-24-18,10.99
05-25-18,10.31
05-28-18,
05-29-18,12.33
05-30-18,10.87
05-31-18,10.92
06-01-18,10.58
06-04-18,10.54
06-05-18,10.46
06-06-18,10.31
06-07-18,10.55
06-08-18,10.69
06-11-18,10.54
06-12-18,10.52
06-13-18,10.6
06-14-18,9.83
06-15-18,10.65
06-18-18,9.82
06-19-18,10.99
06-20-18,11.08
06-21-18,11.22
06-22-18,10.67
06-25-18,10.83
06-26-18,10.97
06-27-18,11.01
06-28-18,11.03
06-29-18,10.75
07-02-18,11.75
07-03-18,11.41
07-04-18,
07-05-18,11.32
07-06-18,10.65
07-09-18,10.55
07-10-18,10.69
07-11-18,11.25
07-12-18,10.82
07-13-18,10.99
07-16-18,11.46
07-17-18,11.79
07-18-18,12.15
07-19-18,12.66
07-20-18,12.1
07-23-18,12.22
07-24-18,11.74
07-25-18,11.65
07-26-18,11.43
07-27-18,11.05
07-30-18,11.18
07-31-18,11.21
08-01-18,10.91
08-02-18,11.08
08-03-18,10.77
08-06-18,11.02
08-07-18,11.11
08-08-18,11.43
08-09-18,10.99
08-10-18,11.78
08-13-18,11.73
08-14-18,11.88
08-15-18,13.16
08-16-18,13.39
08-17-18,12.89
08-20-18,12.4
08-21-18,11.86
08-22-18,11.81
08-23-18,11.6
08-24-18,11.71
08-27-18,11.77
08-28-18,11.46
08-29-18,11.25
08-30-18,11.41
08-31-18,10.96
09-03-18,
09-04-18,11.42
09-05-18,11.24
09-06-18,11.54
09-07-18,11.3
09-10-18,11.33
09-11-18,11.26
09-12-18,11.18
09-13-18,11.15
09-14-18,10.84
09-17-18,10.85
09-18-18,10.78
09-19-18,10.81
09-20-18,10.72
09-21-18,10.76
09-24-18,10.97
09-25-18,10.83
09-26-18,10.76
09-27-18,10.86
09-28-18,10.74
10-01-18,11.03
10-02-18,11.24
10-03-18,11.21
10-04-18,11.59
10-05-18,11.64
10-08-18,12.48
10-09-18,12.03
10-10-18,12.51
10-11-18,13.57
10-12-18,12.76
10-15-18,13.13
10-16-18,12.2
10-17-18,12.14
10-18-18,12.23
10-19-18,11.76
10-22-18,11.68
10-23-18,12.31
10-24-18,13.11
10-25-18,12.3
10-26-18,12.92
10-29-18,12.98
10-30-18,12.3
10-31-18,12.08
11-01-18,12.6
11-02-18,12.5
11-05-18,12.39
11-06-18,12.47
11-07-18,11.23
11-08-18,11.41
11-09-18,11.44
11-12-18,12.13
11-13-18,12.19
11-14-18,12.88
11-15-18,12.12
11-16-18,12.05
11-19-18,12.57
11-20-18,12.63
11-21-18,12.12
11-22-18,
11-23-18,12.1
11-26-18,11.83
11-27-18,12.01
11-28-18,11.43
11-29-18,11.39
11-30-18,11.26
12-03-18,10.93
12-04-18,11.63
12-05-18,
12-06-18,11.61
12-07-18,12.22
12-10-18,12.04
12-11-18,11.46
12-12-18,11.29
12-13-18,10.69
12-14-18,10.77
12-17-18,11.75
12-18-18,12.18
12-19-18,11.4
12-20-18,12.45
12-21-18,11.97
12-24-18,14.8
12-25-18,
12-26-18,14.47
12-27-18,15.18
12-28-18,14.56
12-31-18,13.48
01-01-19,
01-02-19,13.18
01-03-19,13.77
01-04-19,12.04
01-07-19,11.66
01-08-19,11.16
01-09-19,11.69
01-10-19,10.95
01-11-19,11
01-14-19,11.06
01-15-19,11.06
01-16-19,11.08
01-17-19,10.9
01-18-19,11.12
01-21-19,
01-22-19,10.77
01-23-19,10.61
01-24-19,10.37
01-25-19,11.12
01-28-19,11.04
01-29-19,11.25
01-30-19,11.14
01-31-19,10.74
02-01-19,10.12
02-04-19,10.11
02-05-19,10.14
02-06-19,9.76
02-07-19,9.72
02-08-19,9.89
02-11-19,10.18
02-12-19,10.03
02-13-19,9.55
02-14-19,9.92
02-15-19,10.16
02-18-19,
02-19-19,11.39
02-20-19,10.92
02-21-19,10.29
02-22-19,10.02
02-25-19,9.91
02-26-19,9.86
02-27-19,9.72
02-28-19,9.52
03-01-19,10.2
03-04-19,10.26
03-05-19,10.1
03-06-19,10.13
03-07-19,10.36
03-08-19,10.51
03-11-19,10.18
03-12-19,10.08
03-13-19,10.14
03-14-19,10.08
03-15-19,10.01
03-18-19,9.79
03-19-19,9.82
03-20-19,10.15
03-21-19,10.2
03-22-19,10.31
03-25-19,10.77
03-26-19,10.18
03-27-19,10.36
03-28-19,10.35
03-29-19,9.94
04-01-19,10.13
04-02-19,9.81
04-03-19,9.69
04-04-19,9.92
04-05-19,9.65
04-08-19,9.71
04-09-19,9.55
04-10-19,9.45
04-11-19,9.59
04-12-19,9.28
04-15-19,9.57
04-16-19,9.78
04-17-19,9.39
04-18-19,8.96
04-19-19,
04-22-19,9.56
04-23-19,9.54
04-24-19,9.48
04-25-19,9.35
04-26-19,9.28
04-29-19,9.46
04-30-19,9.32
05-01-19,9.19
05-02-19,9.08
05-03-19,8.89
05-06-19,9.26
05-07-19,9.74
05-08-19,9.78
05-09-19,9.96
05-10-19,9.33
05-13-19,10.51
05-14-19,9.76
05-15-19,9.45
05-16-19,9.16
05-17-19,9.16
05-20-19,9.16
05-21-19,8.99
05-22-19,9.04
05-23-19,9.47
05-24-19,9
05-27-19,
05-28-19,9.2
05-29-19,8.88
05-30-19,9.3
05-31-19,10.33
06-03-19,11.79
06-04-19,10.66
06-05-19,11.26
06-06-19,11.62
06-07-19,11.41
06-10-19,10.87
06-11-19,10.52
06-12-19,11.06
06-13-19,11.68
06-14-19,11.9
06-17-19,11.99
06-18-19,12.4
06-19-19,12.41
06-20-19,15.69
06-21-19,15.54
06-24-19,16.8
06-25-19,17.08
06-26-19,15.88
06-27-19,15.57
06-28-19,15.99
07-01-19,14.08
07-02-19,15.8
07-03-19,15.89
07-04-19,
07-05-19,15.07
07-08-19,12.99
07-09-19,13.45
07-10-19,15.01
07-11-19,13.64
07-12-19,14.65
07-15-19,14.9
07-16-19,14.32
07-17-19,16.02
07-18-19,17.45
07-19-19,15.83
07-22-19,14.89
07-23-19,14.28
07-24-19,14.55
07-25-19,13.54
07-26-19,12.31
07-29-19,13.59
07-30-19,14.51
07-31-19,13.21
08-01-19,16.01
08-02-19,15
08-05-19,16.91
08-06-19,16.02
08-07-19,18.16
08-08-19,17.53
08-09-19,16.64
08-12-19,18.46
08-13-19,17.92
08-14-19,18.19
08-15-19,18.72
08-16-19,16.86
08-19-19,14.94
08-20-19,15.42
08-21-19,15.13
08-22-19,15.35
08-23-19,18.36
08-26-19,17.54
08-27-19,17.34
08-28-19,16.83
08-29-19,16.31
08-30-19,15.45
09-02-19,
09-03-19,16.86
09-04-19,17.27
09-05-19,15.72
09-06-19,14.75
09-09-19,14.76
09-10-19,14.62
09-11-19,14.95
09-12-19,15.07
09-13-19,14.94
09-16-19,16.07
09-17-19,15.91
09-18-19,15.1
09-19-19,15.13
09-20-19,16.79
09-23-19,16.92
09-24-19,17.22
09-25-19,15.62
09-26-19,15.11
09-27-19,14.96
09-30-19,15.37
10-01-19,15.61
10-02-19,15.75
10-03-19,16.33
10-04-19,15.26
10-07-19,15.44
10-08-19,16.21
10-09-19,15.73
10-10-19,15.7
10-11-19,15.72
10-14-19,15.65
10-15-19,15.08
10-16-19,14.94
10-17-19,14.84
10-18-19,14.85
10-21-19,14.05
10-22-19,13.67
10-23-19,13.23
10-24-19,13.97
10-25-19,13.48
10-28-19,13.78
10-29-19,13.46
10-30-19,13.17
10-31-19,13.39
11-01-19,12.86
11-04-19,12.45
11-05-19,12.43
11-06-19,12.04
11-07-19,12.35
11-08-19,12.27
11-11-19,12.87
11-12-19,11.91
11-13-19,11.56
11-14-19,11.83
11-15-19,11.23
11-18-19,11.55
11-19-19,11.5
11-20-19,11.55
11-21-19,11.37
11-22-19,11.32
11-25-19,11.15
11-26-19,10.76
11-27-19,10.3
11-28-19,
11-29-19,10.71
12-02-19,10.77
12-03-19,12.15
12-04-19,11.57
12-05-19,11.25
12-06-19,10.73
12-09-19,10.75
12-10-19,10.33
12-11-19,10.81
12-12-19,10.95
12-13-19,10.39
12-16-19,10.39
12-17-19,10.03
12-18-19,10.04
12-19-19,10.39
12-20-19,9.69
12-23-19,10.56
12-24-19,11.93
12-25-19,
12-26-19,13.33
12-27-19,12.32
12-30-19,12.56
12-31-19,12.63
01-01-20,
01-02-20,12.7
01-03-20,13.46
01-06-20,14.21
01-07-20,14.01
01-08-20,13.67
01-09-20,12.54
01-10-20,12.27
01-13-20,10.91
01-14-20,11.02
01-15-20,11.75
01-16-20,11.38
01-17-20,11.31
01-20-20,
01-21-20,11.48
01-22-20,11.16
01-23-20,11.61
01-24-20,12.48
01-27-20,12.9
01-28-20,11.89
01-29-20,12.09
01-30-20,12.23
01-31-20,13.5
02-03-20,12.48
02-04-20,12.01
02-05-20,11.32
02-06-20,11.45
02-07-20,11.3
02-10-20,11.91
02-11-20,11.48
02-12-20,11.07
02-13-20,11.59
02-14-20,11.62
02-17-20,
02-18-20,13.02
02-19-20,13.34
02-20-20,13.35
02-21-20,15.79
02-24-20,17.58
02-25-20,18.13
02-26-20,16.48
02-27-20,18.05
02-28-20,21.27
03-02-20,18.98
03-03-20,22.01
03-04-20,18.55
03-05-20,22.43
03-06-20,25.12
03-09-20,31.29
03-10-20,23.99
03-11-20,26.74
03-12-20,30.18
03-13-20,37.43
03-16-20,41.43
03-17-20,45.27
03-18-20,48.98
03-19-20,39.48
03-20-20,36.81
03-23-20,41.16
03-24-20,40.41
03-25-20,40.56
03-26-20,37.48
03-27-20,34.89
03-30-20,30.42
03-31-20,29.19
04-01-20,30.26
04-02-20,31.91
04-03-20,31.85
04-06-20,35.76
04-07-20,34.27
04-08-20,29.98
04-09-20,27.59
04-10-20,
04-13-20,28.41
04-14-20,28.87
04-15-20,27.39
04-16-20,27.74
04-17-20,26.96
04-20-20,28.01
04-21-20,30.62
04-22-20,30.44
04-23-20,30.25
04-24-20,29.22
04-27-20,26.75
04-28-20,24.43
04-29-20,24.16
04-30-20,24.24
05-01-20,24.25
05-04-20,23.68
05-05-20,24.97
05-06-20,24.47
05-07-20,26.15
05-08-20,24.89
05-11-20,23.55
05-12-20,22.45
05-13-20,22.71
05-14-20,24.15
05-15-20,23.63
05-18-20,22.81
05-19-20,21.33
05-20-20,20.12
05-21-20,19.74
05-22-20,18.95
05-25-20,
05-26-20,18.57
05-27-20,18.51
05-28-20,18.1
05-29-20,18.15
06-01-20,18.06
06-02-20,18.1
06-03-20,18.47
06-04-20,18.05
06-05-20,18.17
06-08-20,17.94
06-09-20,19
06-10-20,20.75
06-11-20,23.04
06-12-20,20.39
06-15-20,20.11
06-16-20,19.29
06-17-20,18.88
06-18-20,18.31
06-19-20,18.27
06-22-20,19.55
06-23-20,20.51
06-24-20,20.01
06-25-20,19.73
06-26-20,20.52
06-29-20,19.26
06-30-20,19.65
07-01-20,18.85
07-02-20,17.7
07-03-20,
07-06-20,17.42
07-07-20,17.37
07-08-20,17.74
07-09-20,17.39
07-10-20,16.64
07-13-20,16.53
07-14-20,16
07-15-20,15.36
07-16-20,15.37
07-17-20,15.09
07-20-20,15.3
07-21-20,16.67
07-22-20,22.45
07-23-20,21.99
07-24-20,21.61
07-27-20,25.52
07-28-20,28.96
07-29-20,26.79
07-30-20,24.13
07-31-20,24.46
08-03-20,23.56
08-04-20,26.3
08-05-20,25.69
08-06-20,27.36
08-07-20,26.22
08-10-20,23.89
08-11-20,27.48
08-12-20,25.85
08-13-20,25.82
08-14-20,23.53
08-17-20,26.35
08-18-20,26.46
08-19-20,28.15
08-20-20,25.91
08-21-20,25.96
08-24-20,23.86
08-25-20,22.76
08-26-20,24.79
08-27-20,23.08
08-28-20,23.19
08-31-20,24.32
09-01-20,23
09-02-20,23.57
09-03-20,23.68
09-04-20,21.98
09-07-20,
09-08-20,22.49
09-09-20,21.66
09-10-20,21.26
09-11-20,20.2
09-14-20,20.91
09-15-20,20.32
09-16-20,20.08
09-17-20,19.95
09-18-20,20.22
09-21-20,21.6
09-22-20,21.63
09-23-20,23.43
09-24-20,23.41
09-25-20,22.09
09-28-20,22.01
09-29-20,23.28
09-30-20,22.07
10-01-20,22.39
10-02-20,22.59
10-05-20,22.13
10-06-20,22.79
10-07-20,23.28
10-08-20,21.96
10-09-20,22.44
10-12-20,22.66
10-13-20,23.17
10-14-20,21.88
10-15-20,21.73
10-16-20,20.29
10-19-20,21.33
10-20-20,21.54
10-21-20,22.66
10-22-20,21.38
10-23-20,21.04
10-26-20,20.93
10-27-20,20.41
10-28-20,21.93
10-29-20,21.9
10-30-20,23.26
11-02-20,23.74
11-03-20,23.32
11-04-20,20.49
11-05-20,22
11-06-20,21.1
11-09-20,21.86
11-10-20,20.46
11-11-20,19.14
11-12-20,18.98
11-13-20,17.74
11-16-20,18.31
11-17-20,17.54
11-18-20,17.67
11-19-20,17.96
11-20-20,17.72
11-23-20,18.98
11-24-20,20.09
11-25-20,19.75
11-26-20,
11-27-20,19.09
11-30-20,19.69
12-01-20,19.61
12-02-20,19.42
12-03-20,19.61
12-04-20,18.95
12-07-20,19.79
12-08-20,19.86
12-09-20,20.26
12-10-20,19.66
12-11-20,19.24
12-14-20,19.43
12-15-20,19.75
12-16-20,19.39
12-17-20,20.1
12-18-20,19.58
12-21-20,19.8
12-22-20,19.5
12-23-20,18.87
12-24-20,18.99
12-25-20,
12-28-20,20.2
12-29-20,19.53
12-30-20,20.06
12-31-20,20.79
01-01-21,
01-04-21,21.86
01-05-21,22.14
01-06-21,21.7
01-07-21,20.66
01-08-21,22.16
01-11-21,20.65
01-12-21,20.01
01-13-21,18.8
01-14-21,19.21
01-15-21,19.04
01-18-21,
01-19-21,18.87
01-20-21,18.95
01-21-21,18.85
01-22-21,18.42
01-25-21,18.51
01-26-21,17.88
01-27-21,18.47
01-28-21,19.38
01-29-21,20.64
02-01-21,21.81
02-02-21,19.61
02-03-21,18.45
02-04-21,19.3
02-05-21,18.7
02-08-21,18.45
02-09-21,18.35
02-10-21,18.57
02-11-21,18.31
02-12-21,18.08
02-15-21,
02-16-21,19.57
02-17-21,20.49
02-18-21,19.66
02-19-21,19.26
02-22-21,19.12
02-23-21,18.3
02-24-21,18.31
02-25-21,21.26
02-26-21,21.08
03-01-21,21.33
03-02-21,20.06
03-03-21,20.93
03-04-21,21.61
03-05-21,20.21
03-08-21,20.64
03-09-21,19.54
03-10-21,18.55
03-11-21,18.21
03-12-21,18.36
03-15-21,17.86
03-16-21,17.93
03-17-21,17.24
03-18-21,17.79
03-19-21,16.57
03-22-21,16.47
03-23-21,16.69
03-24-21,15.7
03-25-21,15.58
03-26-21,15.48
03-29-21,17.23
03-30-21,18.3
03-31-21,17.07
04-01-21,16.74
04-02-21,16.74
04-05-21,17.08
04-06-21,16.76
04-07-21,16.11
04-08-21,15.72
04-09-21,15.3
04-12-21,14.88
04-13-21,14.26
04-14-21,14.69
04-15-21,15.36
04-16-21,15.32
04-19-21,16.01
04-20-21,15.59
04-21-21,16.41
04-22-21,16.05
04-23-21,15.74
04-26-21,15.51
04-27-21,14.77
04-28-21,14.79
04-29-21,14.54
04-30-21,14.58
05-03-21,15.65
05-04-21,15.91
05-05-21,15.7
05-06-21,16.57
05-07-21,16.46
05-10-21,17.19
05-11-21,17.17
05-12-21,17.56
05-13-21,17.1
05-14-21,16.75
05-17-21,17.62
05-18-21,17
05-19-21,17.79
05-20-21,17.29
05-21-21,16.47
05-24-21,16.91
05-25-21,17.09
05-26-21,16.81
05-27-21,16.15
05-28-21,16.08
05-31-21,
06-01-21,16.09
06-02-21,15.65
06-03-21,15.95
06-04-21,15.83
06-07-21,15.57
06-08-21,15.59
06-09-21,15.43
06-10-21,15.5
06-11-21,15.21
06-14-21,16.13
06-15-21,16.26
06-16-21,16.3
06-17-21,17.66
06-18-21,17.9
06-21-21,16.91
06-22-21,16.66
06-23-21,16.2
06-24-21,15.7
06-25-21,15.29
06-28-21,15.36
06-29-21,16.19
06-30-21,15.97
07-01-21,15.8
07-02-21,15.28
07-05-21,
07-06-21,15.45
07-07-21,15.21
07-08-21,15.82
07-09-21,15.27
07-12-21,15.04
07-13-21,14.84
07-14-21,14.79
07-15-21,15.01
07-16-21,14.6
07-19-21,15.96
07-20-21,15.01
07-21-21,15.01
07-22-21,14.51
07-23-21,14.53
07-26-21,15.2
07-27-21,15.51
07-28-21,15.61
07-29-21,15.21
07-30-21,15.09
08-02-21,15.23
08-03-21,15.09
08-04-21,14.88
08-05-21,14.84
08-06-21,15.9
08-09-21,17.26
08-10-21,16.93
08-11-21,15.85
08-12-21,15.67
08-13-21,15.15
08-16-21,15.62
08-17-21,16.1
08-18-21,15.8
08-19-21,15.91
08-20-21,15.34
08-23-21,15.84
08-24-21,15.45
08-25-21,15.9
08-26-21,16.44
08-27-21,15.27
08-30-21,15.52
08-31-21,15.47
09-01-21,15.12
09-02-21,14.76
09-03-21,14.95
09-06-21,
09-07-21,15.36
09-08-21,15.14
09-09-21,15.1
09-10-21,15.15
09-13-21,15.09
09-14-21,15.02
09-15-21,15.14
09-16-21,15.92
09-17-21,15.92
09-20-21,16.85
09-21-21,16.46
09-22-21,16.41
09-23-21,16.82
09-24-21,16.44
09-27-21,16.2
09-28-21,16.78
09-29-21,17.39
09-30-21,17.16
10-01-21,16.32
10-04-21,16.77
10-05-21,16.56
10-06-21,16.58
10-07-21,16.29
10-08-21,15.67
10-11-21,15.56
10-12-21,15.1
10-13-21,15.51
10-14-21,15.34
10-15-21,15.06
10-18-21,15.53
10-19-21,15.32
10-20-21,15.27
10-21-21,15.15
10-22-21,15.74
10-25-21,16.73
10-26-21,15.96
10-27-21,16.08
10-28-21,15.8
10-29-21,16.07
11-01-21,16.31
11-02-21,16.47
11-03-21,16.28
11-04-21,15.87
11-05-21,16.64
11-08-21,16.66
11-09-21,16.76
11-10-21,16.8
11-11-21,16.95
11-12-21,16.85
11-15-21,17
11-16-21,16.67
11-17-21,16.69
11-18-21,16.25
11-19-21,15.99
11-22-21,16.59
11-23-21,16.81
11-24-21,16.75
11-25-21,
11-26-21,17.99
11-29-21,17.55
11-30-21,17.99
12-01-21,18.39
12-02-21,18.45
12-03-21,17.92
12-06-21,17.44
12-07-21,17.02
12-08-21,16.48
12-09-21,16.7
12-10-21,15.35
12-13-21,15.97
12-14-21,16.41
12-15-21,15.54
12-16-21,15.22
12-17-21,15.07
12-20-21,15.77
12-21-21,15.42
12-22-21,14.94
12-23-21,14.62
12-24-21,14.62
12-27-21,15.44
12-28-21,15.06
12-29-21,15.13
12-30-21,14.77
12-31-21,14.61
01-03-22,15.34
01-04-22,15.33
01-05-22,16.21
01-06-22,15.87
01-07-22,15.04
01-10-22,15.56
01-11-22,15.21
01-12-22,15.32
01-13-22,15.17
01-14-22,14.73
01-17-22,
01-18-22,15.09
01-19-22,15.64
01-20-22,15.09
01-21-22,15.2
01-24-22,16.3
01-25-22,16.47
01-26-22,16.42
01-27-22,17.15
01-28-22,17.12
01-31-22,16.7
02-01-22,16.5
02-02-22,15.66
02-03-22,16.01
02-04-22,15.53
02-07-22,16.15
02-08-22,15.86
02-09-22,15.63
02-10-22,15.92
02-11-22,17.81
02-14-22,18.95
02-15-22,17.7
02-16-22,18.07
02-17-22,19.79
02-18-22,18.54
02-21-22,
02-22-22,17.93
02-23-22,17.69
02-24-22,18.12
02-25-22,18.4
02-28-22,20.97
03-01-22,22.7
03-02-22,21.85
03-03-22,22.94
03-04-22,26.29
03-07-22,29.67
03-08-22,31.7
03-09-22,28.01
03-10-22,26.08
03-11-22,24.73
03-14-22,24.08
03-15-22,23.8
03-16-22,22.51
03-17-22,22.23
03-18-22,22
03-21-22,21.89
03-22-22,20.58
03-23-22,23.41
03-24-22,24.07
03-25-22,24.68
03-28-22,23.2
03-29-22,21.28
03-30-22,21.08
03-31-22,20.25
04-01-22,19.08
04-04-22,19.22
04-05-22,18.47
04-06-22,18.88
04-07-22,18.43
04-08-22,18.37
04-11-22,19.25
04-12-22,19.37
04-13-22,18.7
04-14-22,17.71
04-15-22,
04-18-22,19.07
04-19-22,18.19
04-20-22,18.15
04-21-22,18.22
04-22-22,18.97
04-25-22,19.47
04-26-22,19.23
04-27-22,19.16
04-28-22,19
04-29-22,19.83
05-02-22,20.06
05-03-22,19.71
05-04-22,18.81
05-05-22,19.36
05-06-22,18.71
05-09-22,20.49
05-10-22,20.02
05-11-22,20.26
05-12-22,21.51
05-13-22,21.2
05-16-22,21.16
05-17-22,20.05
05-18-22,19.69
05-19-22,20.25
05-20-22,19.31
05-23-22,19.63
05-24-22,19.13
05-25-22,18.27
05-26-22,17.81
05-27-22,17.5
05-30-22,
05-31-22,17.19
06-01-22,16.94
06-02-22,17.13
06-03-22,16.51
06-06-22,16.81
06-07-22,16.64
06-08-22,16.04
06-09-22,16.29
06-10-22,17.58
06-13-22,20.84
06-14-22,21.99
06-15-22,19.4
06-16-22,20.65
06-17-22,20.28
06-20-22,
06-21-22,18.24
06-22-22,18.29
06-23-22,18.65
06-24-22,17.92
06-27-22,17.88
06-28-22,17.95
06-29-22,18.08
06-30-22,19.61
07-01-22,20.17
07-04-22,
07-05-22,21.33
07-06-22,21.91
07-07-22,20.5
07-08-22,19.41
07-11-22,19.72
07-12-22,19.78
07-13-22,18.36
07-14-22,19.6
07-15-22,19.27
07-18-22,19.42
07-19-22,18.63
07-20-22,19.26
07-21-22,18.71
07-22-22,18.3
07-25-22,18.3
07-26-22,18.06
07-27-22,17.39
07-28-22,16.84
07-29-22,16.49
08-01-22,17.52
08-02-22,17.34
08-03-22,16.76
08-04-22,16.95
08-05-22,16.37
08-08-22,16.76
08-09-22,16.69
08-10-22,16.27
08-11-22,15.81
08-12-22,15.22
08-15-22,15.37
08-16-22,15.27
08-17-22,15.32
08-18-22,15.36
08-19-22,15.91
08-22-22,16.57
08-23-22,15.8
08-24-22,15.9
08-25-22,15.57
08-26-22,15.42
08-29-22,16.02
08-30-22,16.52
08-31-22,17.02
09-01-22,17.8
09-02-22,16.88
09-05-22,
09-06-22,17.68
09-07-22,16.77
09-08-22,16.4
09-09-22,15.91
09-12-22,15.79
09-13-22,16.93
09-14-22,17.17
09-15-22,19.66
09-16-22,18.31
09-19-22,18.37
09-20-22,18.59
09-21-22,18.48
09-22-22,17.93
09-23-22,19.42
09-26-22,20.26
09-27-22,19.26
09-28-22,19.27
09-29-22,19.78
09-30-22,19.52
10-03-22,20.29
10-04-22,19.55
10-05-22,19.69
10-06-22,19.67
10-07-22,19.66
10-10-22,20.54
10-11-22,20.59
10-12-22,20.4
10-13-22,20.07
10-14-22,20.07
10-17-22,19.96
10-18-22,19.19
10-19-22,19.41
10-20-22,19.23
10-21-22,19.05
10-24-22,19.58
10-25-22,19.33
10-26-22,18.67
10-27-22,18.51
10-28-22,18.01
10-31-22,18.27
11-01-22,18.45
11-02-22,17.84
11-03-22,18.03
11-04-22,18.03
11-07-22,18.12
11-08-22,18.91
11-09-22,18.91
11-10-22,17.69
11-11-22,17.57
11-14-22,17.41
11-15-22,17.72
11-16-22,17.23
11-17-22,16.77
11-18-22,16.51
11-21-22,16.68
11-22-22,16.07
11-23-22,15.84
11-24-22,
11-25-22,15.23
11-28-22,15.77
11-29-22,15.71
11-30-22,15.45
12-01-22,15.92
12-02-22,15.42
12-05-22,15.81
12-06-22,16.19
12-07-22,16.55
12-08-22,16.45
12-09-22,16.26
12-12-22,15.51
12-13-22,14.71
12-14-22,14.06
12-15-22,14.39
12-16-22,14.14
12-19-22,14.49
12-20-22,15.03
12-21-22,14.78
12-22-22,14.88
12-23-22,14.86
12-26-22,
12-27-22,16.3
12-28-22,15.99
12-29-22,16.18
12-30-22,16.25
01-02-23,
01-03-23,17.26
01-04-23,17.35
01-05-23,16.78
01-06-23,16.44
01-09-23,16.92
01-10-23,16.59
01-11-23,16.32
01-12-23,15.95
01-13-23,16.37
01-16-23,
01-17-23,16.49
01-18-23,16.19
01-19-23,16.71
01-20-23,16.4
01-23-23,16.2
01-24-23,16.17
01-25-23,16.12
01-26-23,15.59
01-27-23,15.23
01-30-23,15.59
01-31-23,15.75
02-01-23,15.22
02-02-23,15.14
02-03-23,15.06
02-06-23,15.81
02-07-23,15.62
02-08-23,15.46
02-09-23,15.52
02-10-23,15.46
02-13-23,15.58
02-14-23,14.88
02-15-23,14.9
02-16-23,14.92
02-17-23,14.69
02-20-23,
02-21-23,15.48
02-22-23,15.05
02-23-23,14.84
02-24-23,14.56
02-27-23,14.35
02-28-23,14.17
03-01-23,14.16
03-02-23,13.94
03-03-23,13.93
03-06-23,14.24
03-07-23,14.2
03-08-23,13.79
03-09-23,14.3
03-10-23,16.57
03-13-23,20
03-14-23,17.95
03-15-23,19.75
03-16-23,17.38
03-17-23,22.83
03-20-23,21.4
03-21-23,19.14
03-22-23,19.22
03-23-23,20.95
03-24-23,19.96
03-27-23,19.18
03-28-23,19.03
03-29-23,17.77
03-30-23,18.39
03-31-23,17.31
04-03-23,18.25
04-04-23,19.73
04-05-23,18.98
04-06-23,18.44
04-07-23,
04-10-23,18.54
04-11-23,18.33
04-12-23,17.69
04-13-23,18.48
04-14-23,17.16
04-17-23,17.37
04-18-23,17.14
04-19-23,17.21
04-20-23,17.21
04-21-23,16.42
04-24-23,16.88
04-25-23,17.72
04-26-23,17.74
04-27-23,17.28
04-28-23,16.47
05-01-23,16.63
05-02-23,18.69
05-03-23,18.7
05-04-23,20.35
05-05-23,18.5
05-08-23,18.67
05-09-23,18.73
05-10-23,18.37
05-11-23,17.77
05-12-23,17.37
05-15-23,17.52
05-16-23,17.62
05-17-23,16.99
05-18-23,16.95
05-19-23,17.22
05-22-23,17.55
05-23-23,17.66
05-24-23,17.56
05-25-23,16.84
05-26-23,16.3
05-29-23,
05-30-23,15.88
05-31-23,15.63
06-01-23,15.5
06-02-23,14.32
06-05-23,14.27
06-06-23,13.94
06-07-23,13.81
06-08-23,13.94
06-09-23,13.69
06-12-23,13.7
06-13-23,13.45
06-14-23,12.84
06-15-23,13
06-16-23,12.4
06-19-23,
06-20-23,12.73
06-21-23,12.98
06-22-23,12.96
06-23-23,12.73
06-26-23,13.08
06-27-23,12.88
06-28-23,12.53
06-29-23,12.21
06-30-23,12.04
07-03-23,12.22
07-04-23,
07-05-23,12.46
07-06-23,12.25
07-07-23,12.12
07-10-23,12.41
07-11-23,12.64
07-12-23,13.12
07-13-23,12.73
07-14-23,12.05
07-17-23,12.34
07-18-23,12.62
07-19-23,12.89
07-20-23,12.67
07-21-23,12.23
07-24-23,12.35
07-25-23,12.42
07-26-23,12.11
07-27-23,12.29
07-28-23,11.78
07-31-23,12.16
08-01-23,11.83
08-02-23,12.45
08-03-23,12.79
08-04-23,12.22
08-07-23,12.24
08-08-23,12.21
08-09-23,12.33
08-10-23,11.84
08-11-23,11.54
08-14-23,11.97
08-15-23,12.11
08-16-23,12.43
08-17-23,12.89
08-18-23,12.63
08-21-23,12.91
08-22-23,12.58
08-23-23,12.67
08-24-23,12.53
08-25-23,12.09
08-28-23,12.21
08-29-23,12.5
08-30-23,12.39
08-31-23,11.78
09-01-23,11.28
09-04-23,
09-05-23,11.36
09-06-23,11.31
09-07-23,11.11
09-08-23,10.99
09-11-23,10.75
09-12-23,10.82
09-13-23,10.33
09-14-23,10.22
09-15-23,10.34
09-18-23,11.1
09-19-23,11.09
09-20-23,10.96
09-21-23,11.11
09-22-23,10.87
09-25-23,11.43
09-26-23,13.63
09-27-23,13.86
09-28-23,13.09
09-29-23,12.94
10-02-23,14.13
10-03-23,15.31
10-04-23,14.58
10-05-23,14.7
10-06-23,14.03
10-09-23,15.18
10-10-23,14.49
10-11-23,14.38
10-12-23,13.98
10-13-23,18.91
10-16-23,16.22
10-17-23,16.59
10-18-23,17.38
10-19-23,19.4
10-20-23,18.56
10-23-23,17.28
10-24-23,16.05
10-25-23,16.76
10-26-23,16.53
10-27-23,17.69
10-30-23,16.84
10-31-23,16.23
11-01-23,15.36
11-02-23,14.76
11-03-23,14.04
11-06-23,13.25
11-07-23,13.33
11-08-23,14.07
11-09-23,14.06
11-10-23,13.96
11-13-23,13.92
11-14-23,13.73
11-15-23,12.98
11-16-23,13.04
11-17-23,12.97
11-20-23,12.59
11-21-23,14.09
11-22-23,13.35
11-23-23,
11-24-23,13.05
11-27-23,13.31
11-28-23,15.54
11-29-23,15.04
11-30-23,14.22
12-01-23,16.96
12-04-23,17.13
12-05-23,15.46
12-06-23,15.4
12-07-23,14.93
12-08-23,14.14
12-11-23,13.99
12-12-23,12.82
12-13-23,13.67
12-14-23,13.96
12-15-23,13.49
12-18-23,13.79
12-19-23,13.75
12-20-23,13.82
12-21-23,14.27
12-22-23,15.25
12-25-23,
12-26-23,15.83
12-27-23,16.96
12-28-23,16.05
12-29-23,15.85
01-01-24,
01-02-24,15.73
01-03-24,14.85
01-04-24,14.2
01-05-24,13.81
01-08-24,13.56
01-09-24,13.16
01-10-24,13.26
01-11-24,12.8
01-12-24,13.49
01-15-24,
01-16-24,13.55
01-17-24,13.53
01-18-24,13.09
01-19-24,12.95
01-22-24,12.83
01-23-24,12.73
01-24-24,12.7
01-25-24,12.79
01-26-24,11.91
01-29-24,13.08
01-30-24,13.05
01-31-24,13.16
02-01-24,13.72
02-02-24,12.66
02-05-24,12.49
02-06-24,12.31
02-07-24,11.84
02-08-24,11.71
02-09-24,11.2
02-12-24,11.81
02-13-24,12.15
02-14-24,12.02
02-15-24,11.79
02-16-24,11.75
02-19-24,
02-20-24,11.81
02-21-24,11.46
02-22-24,11.19
02-23-24,11.5
02-26-24,11.29
02-27-24,10.95
02-28-24,10.93
02-29-24,11.16
03-01-24,13.47
03-04-24,14.61
03-05-24,14.54
03-06-24,15.17
03-07-24,15.09
03-08-24,15.47
03-11-24,15.5
03-12-24,14.1
03-13-24,14.09
03-14-24,13.3
03-15-24,13.54
03-18-24,13.83
03-19-24,13.48
03-20-24,13.62
03-21-24,13.42
03-22-24,12.53
03-25-24,12.09
03-26-24,12.57
03-27-24,13.58
03-28-24,15.44
03-29-24,
04-01-24,16.25
04-02-24,17.13
04-03-24,17.49
04-04-24,17.29
04-05-24,16.92
04-08-24,18.17
04-09-24,18.3
04-10-24,18.67
04-11-24,18.97
04-12-24,20.21
04-15-24,22.25
04-16-24,20.56
04-17-24,19.01
04-18-24,18.65
04-19-24,18.51
04-22-24,17.76
04-23-24,17.73
04-24-24,17.45
04-25-24,17.32
04-26-24,16.92
04-29-24,16.92
04-30-24,16.54
05-01-24,16.25
05-02-24,16.05
05-03-24,15.83
05-06-24,16.23
05-07-24,15.75
05-08-24,15.29
05-09-24,16.27
05-10-24,16.2
05-13-24,16.52
05-14-24,16.61
05-15-24,16.99
05-16-24,16.26
05-17-24,17.4
05-20-24,17.58
05-21-24,16.76
05-22-24,16.45
05-23-24,16.03
05-24-24,15.26
05-27-24,
05-28-24,15.92
05-29-24,15.83
05-30-24,15.74
05-31-24,15.26
06-03-24,16
06-04-24,16.22
06-05-24,16.5
06-06-24,16.85
06-07-24,17.13
06-10-24,16.66
06-11-24,16.45
06-12-24,15.92
06-13-24,15.71
06-14-24,16.07
06-17-24,15.63
06-18-24,15.64
06-19-24,
06-20-24,16.4
06-21-24,15.86
06-24-24,15.49
06-25-24,14.88
06-26-24,14.88
06-27-24,15.01
06-28-24,14.72
07-01-24,14.86
07-02-24,14.35
07-03-24,14.89
07-04-24,
07-05-24,15.62
07-08-24,15.13
07-09-24,14.64
07-10-24,14.89
07-11-24,15.74
07-12-24,15.12
07-15-24,15.98
07-16-24,17.15
07-17-24,16.7
07-18-24,16.25
07-19-24,16.34
07-22-24,15.74
07-23-24,15.44
07-24-24,15.98
07-25-24,15.54
07-26-24,15.2
07-29-24,15.64
07-30-24,16.3
07-31-24,17.88
08-01-24,17.61
08-02-24,18.7
08-05-24,21.95
08-06-24,19.1
08-07-24,18.12
08-08-24,18.45
08-09-24,17.8
08-12-24,20.61
08-13-24,19.18
08-14-24,18.49
08-15-24,18.16
08-16-24,20.09
08-19-24,18.77
08-20-24,18.47
08-21-24,18.63
08-22-24,17.89
08-23-24,17.49
08-26-24,17.9
08-27-24,17.69
08-28-24,17.18
08-29-24,17.22
08-30-24,16.4
09-02-24,
09-03-24,16.55
09-04-24,16.19
09-05-24,16.48
09-06-24,16.49
09-09-24,16.16
09-10-24,16.08
09-11-24,15.52
09-12-24,16.74
09-13-24,16.88
09-16-24,17.03
09-17-24,17.49
09-18-24,17.13
09-19-24,16.76
09-20-24,17.08
09-23-24,17.72
09-24-24,19.26
09-25-24,19.13
09-26-24,18.82
09-27-24,18.59
09-30-24,18.08
10-01-24,18.57
10-02-24,18.07
10-03-24,18.28
10-04-24,17.48
10-07-24,17.71
10-08-24,17.64
10-09-24,17.62
10-10-24,17.27
10-11-24,17.27
10-14-24,17.47
10-15-24,17.38
10-16-24,17.31
10-17-24,17.57
10-18-24,17.77
10-21-24,18.19
10-22-24,18.73
10-23-24,18.98
10-24-24,18.66
10-25-24,18.88
10-28-24,18.34
10-29-24,18.51
10-30-24,18.68
10-31-24,19.46
11-01-24,19.29
11-04-24,19.91
11-05-24,19.59
11-06-24,17.63
11-07-24,17.37
11-08-24,15.91
11-11-24,16.02
11-12-24,16.25
11-13-24,17.05
11-14-24,17.39
11-15-24,17.17
11-18-24,16.97
11-19-24,17.85
11-20-24,18.34
11-21-24,17.59
11-22-24,17.54
11-25-24,17.8
11-26-24,17
11-27-24,16.54
11-28-24,
11-29-24,16.37
12-02-24,16.33
12-03-24,16.21
12-04-24,15.92
12-05-24,15.93
12-06-24,15.04
12-09-24,15.75
12-10-24,16.34
12-11-24,16.86
12-12-24,15.43
12-13-24,15.63
12-16-24,15.38
12-17-24,15.64
12-18-24,16.54
12-19-24,15.83
12-20-24,15.73
12-23-24,15.54
12-24-24,14.71
12-25-24,
12-26-24,15.19
12-27-24,14.67
12-30-24,15.02
12-31-24,14.62
01-01-25,
01-02-25,15.07
01-03-25,14.49
01-06-25,14.76
01-07-25,14.68
01-08-25,14.82
01-09-25,
01-10-25,15.77
01-13-25,15.27
01-14-25,15
01-15-25,15.23
01-16-25,15.4
01-17-25,14.98
01-20-25,
01-21-25,15.5
01-22-25,15.24
01-23-25,14.95
01-24-25,14.85
01-27-25,15.23
01-28-25,15.46
01-29-25,14.84
01-30-25,16.09
01-31-25,15.82
02-03-25,16.81
02-04-25,17.11
02-05-25,17.19
02-06-25,16.27
02-07-25,16.23
02-10-25,17.59
02-11-25,17.48
02-12-25,17.34
02-13-25,17.13
02-14-25,17.23
02-17-25,
02-18-25,18.03
02-19-25,16.76
02-20-25,16.45
02-21-25,16.55
02-24-25,16.73
02-25-25,16.72
02-26-25,16.36
02-27-25,16.45
02-28-25,15.82
03-03-25,16.81
03-04-25,17.25
03-05-25,16.92
03-06-25,16.83
03-07-25,16.19
03-10-25,17.06
03-11-25,17.14
03-12-25,16.82
03-13-25,17.41
03-14-25,17.13
03-17-25,17.6
03-18-25,17.53
03-19-25,16.74
03-20-25,16.45
03-21-25,15.98
03-24-25,15.8
03-25-25,15.23
03-26-25,15.04
03-27-25,16.08
03-28-25,16.45
03-31-25,17.84
04-01-25,17.95
04-02-25,17.92
04-03-25,18.36
04-04-25,22.03
04-07-25,19.68
04-08-25,23.73
04-09-25,24.53
04-10-25,26.59
04-11-25,28.44
04-14-25,23.8
04-15-25,21.54
04-16-25,26.73
04-17-25,24.14
04-18-25,
04-21-25,28.14
04-22-25,28.44
04-23-25,25.23
04-24-25,24.93
04-25-25,23.36
04-28-25,23.25
04-29-25,22.1
04-30-25,21.52
05-01-25,21.51
05-02-25,21.35
05-05-25,23.2
05-06-25,24.72
05-07-25,22.99
05-08-25,22.58
05-09-25,21.86
05-12-25,21.38
05-13-25,19.58
05-14-25,20.78
05-15-25,21.63
05-16-25,21.47
05-19-25,21.37
05-20-25,21.95
05-21-25,22.23
05-22-25,21.55
05-23-25,22.28
05-26-25,
05-27-25,21.12
05-28-25,19.69
05-29-25,19.65
05-30-25,19.1
06-02-25,20.6
06-03-25,20.1
06-04-25,19.82
06-05-25,19.69
06-06-25,19.16
06-09-25,19.45
06-10-25,19
06-11-25,19.16
06-12-25,19.7
06-13-25,21.16
06-16-25,19.87
06-17-25,20.41
06-18-25,19.58
06-19-25,
06-20-25,19.27
06-23-25,19.02
06-24-25,18.28
06-25-25,17.33
06-26-25,16.65
06-27-25,16.49
06-30-25,17.31
07-01-25,16.76
07-02-25,16.87
07-03-25,16.19
07-04-25,
07-07-25,16.91
07-08-25,16.2
07-09-25,15.86
07-10-25,16.04
07-11-25,16.94
07-14-25,16.99
07-15-25,16.37
07-16-25,17.27
07-17-25,16.91
07-18-25,16.73
07-21-25,17.78
07-22-25,19.08
07-23-25,18.44
07-24-25,17.82
07-25-25,17.05
07-28-25,16.79
07-29-25,16.61
07-30-25,16.48
07-31-25,16.04
08-01-25,17.3
08-04-25,17.07
08-05-25,16.68
08-06-25,16.42
08-07-25,16.95
08-08-25,16.36
08-11-25,16.94
08-12-25,16.35
08-13-25,15.95
08-14-25,15.33
08-15-25,15.22
08-18-25,14.9
08-19-25,14.82
08-20-25,15.4
08-21-25,15.44
08-22-25,15.15
08-25-25,15.09
08-26-25,15.88
08-27-25,15.9
08-28-25,16.34
08-29-25,17.39
09-01-25,
09-02-25,19.81
09-03-25,19.53
09-04-25,18.33
09-05-25,18.3
09-08-25,19.09
09-09-25,17.99
09-10-25,17.37
09-11-25,16.48
09-12-25,16.38
09-15-25,17.9
09-16-25,18.37
09-17-25,17.41
09-18-25,16.45
09-19-25,16.76
09-22-25,18.43
09-23-25,19.06
09-24-25,18.3
09-25-25,19.07
09-26-25,18.59
09-29-25,19.19
09-30-25,19.95
10-01-25,19.05
10-02-25,18.05
10-03-25,17.66
10-06-25,19.51
10-07-25,19.94
10-08-25,21.81