time,close
01-07-13,1.31164
01-08-13,1.30811
01-09-13,1.306425
01-10-13,1.32719
01-11-13,1.33427
01-14-13,1.3382
01-15-13,1.33052
01-16-13,1.328925
01-17-13,1.337595
01-18-13,1.332015
01-21-13,1.33133
01-22-13,1.332235
01-23-13,1.33182
01-24-13,1.33772
01-25-13,1.346345
01-28-13,1.34554
01-29-13,1.349205
01-30-13,1.356675
01-31-13,1.357745
02-01-13,1.36404
02-04-13,1.351395
02-05-13,1.35833
02-06-13,1.352255
02-07-13,1.339765
02-08-13,1.336565
02-11-13,1.340585
02-12-13,1.34552
02-13-13,1.34521
02-14-13,1.336315
02-15-13,1.336065
02-18-13,1.3351
02-19-13,1.338775
02-20-13,1.32825
02-21-13,1.318985
02-22-13,1.319095
02-25-13,1.306285
02-26-13,1.30612
02-27-13,1.31385
02-28-13,1.30565
03-01-13,1.302005
03-04-13,1.302625
03-05-13,1.30514
03-06-13,1.29668
03-07-13,1.310695
03-08-13,1.300475
03-11-13,1.30461
03-12-13,1.3034
03-13-13,1.296095
03-14-13,1.300455
03-15-13,1.30755
03-18-13,1.29562
03-19-13,1.288225
03-20-13,1.29327
03-21-13,1.289855
03-22-13,1.29878
03-25-13,1.28527
03-26-13,1.286095
03-27-13,1.277985
03-28-13,1.281615
03-29-13,1.28185
04-01-13,1.28486
04-02-13,1.28205
04-03-13,1.28496
04-04-13,1.2936
04-05-13,1.299115
04-08-13,1.300915
04-09-13,1.308235
04-10-13,1.306975
04-11-13,1.30991
04-12-13,1.3112
04-15-13,1.303615
04-16-13,1.31771
04-17-13,1.30318
04-18-13,1.305095
04-19-13,1.305195
04-22-13,1.30666
04-23-13,1.29959
04-24-13,1.30156
04-25-13,1.30115
04-26-13,1.303035
04-29-13,1.309865
04-30-13,1.31673
05-01-13,1.317965
05-02-13,1.30651
05-03-13,1.311465
05-06-13,1.307635
05-07-13,1.307935
05-08-13,1.31528
05-09-13,1.3043
05-10-13,1.29901
05-13-13,1.2975
05-14-13,1.292025
05-15-13,1.288635
05-16-13,1.288225
05-17-13,1.283875
05-20-13,1.288265
05-21-13,1.29066
05-22-13,1.28584
05-23-13,1.293365
05-24-13,1.293195
05-27-13,1.293045
05-28-13,1.28556
05-29-13,1.29409
05-30-13,1.30496
05-31-13,1.299735
06-03-13,1.307645
06-04-13,1.30807
06-05-13,1.309305
06-06-13,1.324575
06-07-13,1.321835
06-10-13,1.32572
06-11-13,1.33134
06-12-13,1.33374
06-13-13,1.337515
06-14-13,1.334605
06-17-13,1.336635
06-18-13,1.3393
06-19-13,1.329465
06-20-13,1.322005
06-21-13,1.312155
06-24-13,1.311985
06-25-13,1.307825
06-26-13,1.30118
06-27-13,1.303825
06-28-13,1.30101
07-01-13,1.306385
07-02-13,1.29788
07-03-13,1.300935
07-04-13,1.291355
07-05-13,1.283
07-08-13,1.287095
07-09-13,1.278125
07-10-13,1.297715
07-11-13,1.30969
07-12-13,1.30676
07-15-13,1.30623
07-16-13,1.31623
07-17-13,1.312485
07-18-13,1.310905
07-19-13,1.314265
07-22-13,1.318535
07-23-13,1.322275
07-24-13,1.320055
07-25-13,1.32772
07-26-13,1.327915
07-29-13,1.326215
07-30-13,1.32623
07-31-13,1.33025
08-01-13,1.32067
08-02-13,1.328105
08-05-13,1.32583
08-06-13,1.33046
08-07-13,1.333655
08-08-13,1.33811
08-09-13,1.33416
08-12-13,1.330045
08-13-13,1.326305
08-14-13,1.325515
08-15-13,1.334715
08-16-13,1.332775
08-19-13,1.33348
08-20-13,1.341725
08-21-13,1.335515
08-22-13,1.33561
08-23-13,1.33822
08-26-13,1.336805
08-27-13,1.33929
08-28-13,1.33394
08-29-13,1.3241
08-30-13,1.322115
09-02-13,1.319195
09-03-13,1.31701
09-04-13,1.3207
09-05-13,1.312015
09-06-13,1.318045
09-09-13,1.325485
09-10-13,1.32678
09-11-13,1.331105
09-12-13,1.329925
09-13-13,1.32958
09-16-13,1.333405
09-17-13,1.33587
09-18-13,1.35214
09-19-13,1.352935
09-20-13,1.35251
09-23-13,1.3493
09-24-13,1.34734
09-25-13,1.352575
09-26-13,1.348835
09-27-13,1.352225
09-30-13,1.352615
10-01-13,1.352615
10-02-13,1.35785
10-03-13,1.361845
10-04-13,1.355735
10-07-13,1.358085
10-08-13,1.357305
10-09-13,1.352395
10-10-13,1.351935
10-11-13,1.35424
10-14-13,1.356095
10-15-13,1.352365
10-16-13,1.353485
10-17-13,1.367555
10-18-13,1.368605
10-21-13,1.36803
10-22-13,1.37811
10-23-13,1.37756
10-24-13,1.380105
10-25-13,1.38032
10-28-13,1.378475
10-29-13,1.37456
10-30-13,1.373555
10-31-13,1.358365
11-01-13,1.34868
11-04-13,1.351405
11-05-13,1.34746
11-06-13,1.351305
11-07-13,1.34195
11-08-13,1.33693
11-11-13,1.34067
11-12-13,1.343525
11-13-13,1.3487
11-14-13,1.346065
11-15-13,1.34961
11-18-13,1.350535
11-19-13,1.353855
11-20-13,1.34382
11-21-13,1.348175
11-22-13,1.355795
11-25-13,1.35164
11-26-13,1.357255
11-27-13,1.357955
11-28-13,1.36054
11-29-13,1.359115
12-02-13,1.354205
12-03-13,1.35877
12-04-13,1.3593
12-05-13,1.36672
12-06-13,1.37062
12-09-13,1.37386
12-10-13,1.37607
12-11-13,1.3786
12-12-13,1.3753
12-13-13,1.37432
12-16-13,1.376075
12-17-13,1.376815
12-18-13,1.368505
12-19-13,1.366125
12-20-13,1.367375
12-23-13,1.36962
12-24-13,1.36818
12-26-13,1.36911
12-27-13,1.37497
12-30-13,1.380205
12-31-13,1.37879
01-02-14,1.367215
01-03-14,1.358885
01-06-14,1.36293
01-07-14,1.36157
01-08-14,1.35757
01-09-14,1.360815
01-10-14,1.36702
01-13-14,1.367125
01-14-14,1.36788
01-15-14,1.36053
01-16-14,1.36198
01-17-14,1.354135
01-20-14,1.35519
01-21-14,1.356115
01-22-14,1.354745
01-23-14,1.36959
01-24-14,1.367835
01-27-14,1.36733
01-28-14,1.367075
01-29-14,1.366265
01-30-14,1.355475
01-31-14,1.34854
02-03-14,1.352525
02-04-14,1.351815
02-05-14,1.35335
02-06-14,1.35902
02-07-14,1.363505
02-10-14,1.364525
02-11-14,1.363745
02-12-14,1.35931
02-13-14,1.368045
02-14-14,1.36922
02-17-14,1.370655
02-18-14,1.37587
02-19-14,1.3733
02-20-14,1.371775
02-21-14,1.37393
02-24-14,1.37348
02-25-14,1.37446
02-26-14,1.36865
02-27-14,1.370985
02-28-14,1.380275
03-03-14,1.3735
03-04-14,1.374115
03-05-14,1.37333
03-06-14,1.385895
03-07-14,1.387845
03-10-14,1.387675
03-11-14,1.385925
03-12-14,1.3904
03-13-14,1.386975
03-14-14,1.39111
03-17-14,1.392205
03-18-14,1.39337
03-19-14,1.38331
03-20-14,1.377875
03-21-14,1.379225
03-24-14,1.38388
03-25-14,1.38259
03-26-14,1.378265
03-27-14,1.37404
03-28-14,1.375275
03-31-14,1.37692
04-01-14,1.37921
04-02-14,1.37678
04-03-14,1.371995
04-04-14,1.37047
04-07-14,1.37418
04-08-14,1.37972
04-09-14,1.38548
04-10-14,1.3886
04-11-14,1.388465
04-14-14,1.38206
04-15-14,1.3814
04-16-14,1.38155
04-17-14,1.381395
04-18-14,1.3811
04-21-14,1.37934
04-22-14,1.380575
04-23-14,1.381665
04-24-14,1.3831
04-25-14,1.383245
04-28-14,1.385105
04-29-14,1.381245
04-30-14,1.38676
05-01-14,1.386955
05-02-14,1.387335
05-05-14,1.387505
05-06-14,1.39276
05-07-14,1.39104
05-08-14,1.384015
05-09-14,1.37599
05-12-14,1.37579
05-13-14,1.370355
05-14-14,1.371465
05-15-14,1.37102
05-16-14,1.369385
05-19-14,1.370905
05-20-14,1.37016
05-21-14,1.3687
05-22-14,1.365585
05-23-14,1.363005
05-26-14,1.364575
05-27-14,1.36347
05-28-14,1.359085
05-29-14,1.36017
05-30-14,1.363345
06-02-14,1.359665
06-03-14,1.36268
06-04-14,1.359845
06-05-14,1.366035
06-06-14,1.36418
06-09-14,1.3594
06-10-14,1.354755
06-11-14,1.3531
06-12-14,1.355145
06-13-14,1.3543
06-16-14,1.35737
06-17-14,1.35464
06-18-14,1.35956
06-19-14,1.360895
06-20-14,1.359965
06-23-14,1.36045
06-24-14,1.36054
06-25-14,1.36287
06-26-14,1.361125
06-27-14,1.36481
06-30-14,1.36923
07-01-14,1.367835
07-02-14,1.365925
07-03-14,1.361
07-04-14,1.35943
07-07-14,1.36049
07-08-14,1.361215
07-09-14,1.36411
07-10-14,1.36092
07-11-14,1.36074
07-14-14,1.3619
07-15-14,1.35685
07-16-14,1.352545
07-17-14,1.352605
07-18-14,1.352415
07-21-14,1.35236
07-22-14,1.346515
07-23-14,1.346295
07-24-14,1.346335
07-25-14,1.34297
07-28-14,1.343885
07-29-14,1.34085
07-30-14,1.33971
07-31-14,1.339035
08-01-14,1.34322
08-04-14,1.34218
08-05-14,1.337645
08-06-14,1.3383
08-07-14,1.33633
08-08-14,1.34128
08-11-14,1.338495
08-12-14,1.336915
08-13-14,1.336475
08-14-14,1.336485
08-15-14,1.340055
08-18-14,1.336345
08-19-14,1.332035
08-20-14,1.32593
08-21-14,1.32811
08-22-14,1.32426
08-25-14,1.319215
08-26-14,1.31674
08-27-14,1.319285
08-28-14,1.318185
08-29-14,1.31326
09-01-14,1.31284
09-02-14,1.313335
09-03-14,1.31502
09-04-14,1.294385
09-05-14,1.29508
09-08-14,1.28949
09-09-14,1.29383
09-10-14,1.291675
09-11-14,1.29254
09-12-14,1.296335
09-15-14,1.294015
09-16-14,1.296015
09-17-14,1.286495
09-18-14,1.29225
09-19-14,1.282945
09-22-14,1.284925
09-23-14,1.2847
09-24-14,1.27802
09-25-14,1.275065
09-26-14,1.268545
09-29-14,1.26851
09-30-14,1.26308
10-01-14,1.262375
10-02-14,1.26684
10-03-14,1.25138
10-06-14,1.265545
10-07-14,1.26689
10-08-14,1.273475
10-09-14,1.26912
10-10-14,1.263025
10-13-14,1.27522
10-14-14,1.26582
10-15-14,1.283805
10-16-14,1.28089
10-17-14,1.27588
10-20-14,1.279995
10-21-14,1.27159
10-22-14,1.264995
10-23-14,1.264625
10-24-14,1.267055
10-27-14,1.269815
10-28-14,1.273415
10-29-14,1.26317
10-30-14,1.261335
10-31-14,1.252445
11-03-14,1.24817
11-04-14,1.254655
11-05-14,1.248505
11-06-14,1.23754
11-07-14,1.2455
11-10-14,1.24215
11-11-14,1.24744
11-12-14,1.24383
11-13-14,1.247555
11-14-14,1.25246
11-17-14,1.24495
11-18-14,1.25341
11-19-14,1.25539
11-20-14,1.25388
11-21-14,1.23912
11-24-14,1.24421
11-25-14,1.24743
11-26-14,1.25064
11-27-14,1.24673
11-28-14,1.245095
12-01-14,1.246955
12-02-14,1.238285
12-03-14,1.231055
12-04-14,1.23794
12-05-14,1.22869
12-08-14,1.23173
12-09-14,1.237425
12-10-14,1.24487
12-11-14,1.241285
12-12-14,1.2461
12-15-14,1.243775
12-16-14,1.251095
12-17-14,1.23428
12-18-14,1.228665
12-19-14,1.222775
12-22-14,1.223025
12-23-14,1.21716
12-24-14,1.21937
12-26-14,1.2181
12-29-14,1.21525
12-30-14,1.215565
12-31-14,1.210105
01-02-15,1.200195
01-05-15,1.19329
01-06-15,1.18902
01-07-15,1.183915
01-08-15,1.17927
01-09-15,1.184125
01-12-15,1.18336
01-13-15,1.177235
01-14-15,1.178905
01-15-15,1.16332
01-16-15,1.15679
01-19-15,1.16062
01-20-15,1.1551
01-21-15,1.161085
01-22-15,1.13662
01-23-15,1.12064
01-26-15,1.12378
01-27-15,1.13813
01-28-15,1.12874
01-29-15,1.131985
01-30-15,1.12853
02-02-15,1.13409
02-03-15,1.14788
02-04-15,1.1345
02-05-15,1.147765
02-06-15,1.131695
02-09-15,1.1325
02-10-15,1.13222
02-11-15,1.13364
02-12-15,1.140245
02-13-15,1.13915
02-16-15,1.13544
02-17-15,1.14111
02-18-15,1.13967
02-19-15,1.13677
02-20-15,1.137865
02-23-15,1.13347
02-24-15,1.133955
02-25-15,1.13611
02-26-15,1.11987
02-27-15,1.119675
03-02-15,1.11836
03-03-15,1.117665
03-04-15,1.10791
03-05-15,1.10298
03-06-15,1.084355
03-09-15,1.085205
03-10-15,1.069835
03-11-15,1.05472
03-12-15,1.06356
03-13-15,1.0496
03-16-15,1.05694
03-17-15,1.05974
03-18-15,1.086505
03-19-15,1.065945
03-20-15,1.08216
03-23-15,1.094575
03-24-15,1.09247
03-25-15,1.09697
03-26-15,1.08845
03-27-15,1.08907
03-30-15,1.083405
03-31-15,1.07313
04-01-15,1.07627
04-02-15,1.08802
04-03-15,1.09738
04-06-15,1.092205
04-07-15,1.081455
04-08-15,1.078065
04-09-15,1.06595
04-10-15,1.060185
04-13-15,1.0567
04-14-15,1.0655
04-15-15,1.06838
04-16-15,1.07613
04-17-15,1.08067
04-20-15,1.07375
04-21-15,1.073575
04-22-15,1.07251
04-23-15,1.082375
04-24-15,1.08749
04-27-15,1.088915
04-28-15,1.09815
04-29-15,1.11283
04-30-15,1.122255
05-01-15,1.119745
05-04-15,1.114755
05-05-15,1.11852
05-06-15,1.134735
05-07-15,1.12669
05-08-15,1.12035
05-11-15,1.115495
05-12-15,1.12132
05-13-15,1.13544
05-14-15,1.141
05-15-15,1.144805
05-18-15,1.1315
05-19-15,1.114875
05-20-15,1.10941
05-21-15,1.11124
05-22-15,1.101245
05-25-15,1.09775
05-26-15,1.087225
05-27-15,1.090395
05-28-15,1.0948
05-29-15,1.09909
06-01-15,1.09265
06-02-15,1.115085
06-03-15,1.127485
06-04-15,1.123845
06-05-15,1.11137
06-08-15,1.129155
06-09-15,1.12824
06-10-15,1.13241
06-11-15,1.12579
06-12-15,1.126895
06-15-15,1.12834
06-16-15,1.124835
06-17-15,1.133725
06-18-15,1.13639
06-19-15,1.13496
06-22-15,1.13405
06-23-15,1.11674
06-24-15,1.12053
06-25-15,1.12047
06-26-15,1.11732
06-29-15,1.123585
06-30-15,1.11381
07-01-15,1.1053
07-02-15,1.10838
07-03-15,1.11138
07-06-15,1.105615
07-07-15,1.101115
07-08-15,1.10767
07-09-15,1.103705
07-10-15,1.11552
07-13-15,1.10012
07-14-15,1.10088
07-15-15,1.09481
07-16-15,1.087465
07-17-15,1.082975
07-20-15,1.082485
07-21-15,1.09384
07-22-15,1.09289
07-23-15,1.098225
07-24-15,1.09825
07-27-15,1.108765
07-28-15,1.105995
07-29-15,1.09843
07-30-15,1.093235
07-31-15,1.098495
08-03-15,1.095
08-04-15,1.08816
08-05-15,1.09059
08-06-15,1.092485
08-07-15,1.096625
08-10-15,1.10185
08-11-15,1.10419
08-12-15,1.11607
08-13-15,1.1151
08-14-15,1.110965
08-17-15,1.10765
08-18-15,1.10256
08-19-15,1.112065
08-20-15,1.124105
08-21-15,1.138715
08-24-15,1.161975
08-25-15,1.151625
08-26-15,1.13147
08-27-15,1.124615
08-28-15,1.118445
08-31-15,1.12111
09-01-15,1.131535
09-02-15,1.122675
09-03-15,1.11236
09-04-15,1.1149
09-07-15,1.117005
09-08-15,1.12024
09-09-15,1.12073
09-10-15,1.12791
09-11-15,1.133805
09-14-15,1.13166
09-15-15,1.12686
09-16-15,1.12914
09-17-15,1.14345
09-18-15,1.130035
09-21-15,1.118895
09-22-15,1.112755
09-23-15,1.118525
09-24-15,1.123275
09-25-15,1.119795
09-28-15,1.12441
09-29-15,1.12491
09-30-15,1.11768
10-01-15,1.119435
10-02-15,1.121205
10-05-15,1.118795
10-06-15,1.127115
10-07-15,1.123735
10-08-15,1.127615
10-09-15,1.135845
10-12-15,1.13586
10-13-15,1.1379
10-14-15,1.147365
10-15-15,1.13847
10-16-15,1.13487
10-19-15,1.13274
10-20-15,1.13459
10-21-15,1.13388
10-22-15,1.11086
10-23-15,1.10175
10-26-15,1.105855
10-27-15,1.10453
10-28-15,1.092375
10-29-15,1.097725
10-30-15,1.100625
11-02-15,1.101545
11-03-15,1.09651
11-04-15,1.086565
11-05-15,1.08836
11-06-15,1.074035
11-09-15,1.07509
11-10-15,1.072455
11-11-15,1.07437
11-12-15,1.08135
11-13-15,1.07725
11-16-15,1.06863
11-17-15,1.06429
11-18-15,1.065895
11-19-15,1.073415
11-20-15,1.064535
11-23-15,1.0636
11-24-15,1.06427
11-25-15,1.06242
11-26-15,1.061025
11-27-15,1.05928
11-30-15,1.05648
12-01-15,1.063305
12-02-15,1.06151
12-03-15,1.093935
12-04-15,1.08813
12-07-15,1.08375
12-08-15,1.08921
12-09-15,1.102515
12-10-15,1.0941
12-11-15,1.099235
12-14-15,1.099305
12-15-15,1.09304
12-16-15,1.091265
12-17-15,1.08257
12-18-15,1.08657
12-21-15,1.09144
12-22-15,1.095725
12-23-15,1.091105
12-24-15,1.096375
12-28-15,1.096825
12-29-15,1.092135
12-30-15,1.09317
12-31-15,1.08697
01-04-16,1.08325
01-05-16,1.074845
01-06-16,1.07801
01-07-16,1.093085
01-08-16,1.09264
01-11-16,1.085925
01-12-16,1.08579
01-13-16,1.087725
01-14-16,1.086575
01-15-16,1.09153
01-18-16,1.08919
01-19-16,1.090745
01-20-16,1.089115
01-21-16,1.087485
01-22-16,1.07983
01-25-16,1.084925
01-26-16,1.08685
01-27-16,1.08925
01-28-16,1.093995
01-29-16,1.08307
02-01-16,1.088795
02-02-16,1.091925
02-03-16,1.110325
02-04-16,1.120905
02-05-16,1.115815
02-08-16,1.119305
02-09-16,1.12939
02-10-16,1.129395
02-11-16,1.13226
02-12-16,1.12557
02-15-16,1.115535
02-16-16,1.114385
02-17-16,1.112695
02-18-16,1.110725
02-19-16,1.113015
02-22-16,1.102895
02-23-16,1.10195
02-24-16,1.10138
02-25-16,1.101835
02-26-16,1.09325
02-29-16,1.08727
03-01-16,1.08675
03-02-16,1.086785
03-03-16,1.095685
03-04-16,1.10055
03-07-16,1.101325
03-08-16,1.101105
03-09-16,1.09998
03-10-16,1.117855
03-11-16,1.1149
03-14-16,1.11034
03-15-16,1.110835
03-16-16,1.12245
03-17-16,1.13184
03-18-16,1.127055
03-21-16,1.12411
03-22-16,1.121675
03-23-16,1.118085
03-24-16,1.11751
03-25-16,1.11673
03-28-16,1.11951
03-29-16,1.12923
03-30-16,1.13375
03-31-16,1.138
04-01-16,1.13917
04-04-16,1.138945
04-05-16,1.138465
04-06-16,1.13993
04-07-16,1.13785
04-08-16,1.13979
04-11-16,1.1409
04-12-16,1.13858
04-13-16,1.12745
04-14-16,1.1267
04-15-16,1.12835
04-18-16,1.1313
04-19-16,1.13575
04-20-16,1.12971
04-21-16,1.128755
04-22-16,1.12245
04-25-16,1.1269
04-26-16,1.13006
04-27-16,1.132185
04-28-16,1.13518
04-29-16,1.14488
05-02-16,1.15338
05-03-16,1.149635
05-04-16,1.148645
05-05-16,1.140515
05-06-16,1.14044
05-09-16,1.13817
05-10-16,1.13724
05-11-16,1.142615
05-12-16,1.137695
05-13-16,1.13081
05-16-16,1.13203
05-17-16,1.131325
05-18-16,1.121615
05-19-16,1.12026
05-20-16,1.122315
05-23-16,1.12201
05-24-16,1.11406
05-25-16,1.11547
05-26-16,1.11935
05-27-16,1.11137
05-30-16,1.113805
05-31-16,1.11319
06-01-16,1.118745
06-02-16,1.115145
06-03-16,1.136675
06-06-16,1.135485
06-07-16,1.135785
06-08-16,1.1395
06-09-16,1.13161
06-10-16,1.12514
06-13-16,1.12922
06-14-16,1.120715
06-15-16,1.126005
06-16-16,1.122535
06-17-16,1.127635
06-20-16,1.131465
06-21-16,1.12428
06-22-16,1.12964
06-23-16,1.13848
06-24-16,1.11086
06-27-16,1.10251
06-28-16,1.10657
06-29-16,1.11251
06-30-16,1.11062
07-01-16,1.11384
07-04-16,1.11534
07-05-16,1.1076
07-06-16,1.110005
07-07-16,1.106155
07-08-16,1.10503
07-11-16,1.10573
07-12-16,1.10611
07-13-16,1.108975
07-14-16,1.112035
07-15-16,1.10353
07-18-16,1.107525
07-19-16,1.10206
07-20-16,1.101455
07-21-16,1.102605
07-22-16,1.09764
07-25-16,1.09946
07-26-16,1.098575
07-27-16,1.10593
07-28-16,1.10762
07-29-16,1.11746
08-01-16,1.116315
08-02-16,1.12231
08-03-16,1.11506
08-04-16,1.112955
08-05-16,1.108725
08-08-16,1.10879
08-09-16,1.11168
08-10-16,1.11769
08-11-16,1.113695
08-12-16,1.11621
08-15-16,1.118315
08-16-16,1.127825
08-17-16,1.129035
08-18-16,1.1354
08-19-16,1.132525
08-22-16,1.13208
08-23-16,1.13052
08-24-16,1.126365
08-25-16,1.12861
08-26-16,1.119665
08-29-16,1.118875
08-30-16,1.114275
08-31-16,1.115825
09-01-16,1.119685
09-02-16,1.115535
09-05-16,1.114725
09-06-16,1.125505
09-07-16,1.123915
09-08-16,1.126145
09-09-16,1.123265
09-12-16,1.12353
09-13-16,1.122105
09-14-16,1.125005
09-15-16,1.124395
09-16-16,1.11576
09-19-16,1.11748
09-20-16,1.11504
09-21-16,1.11893
09-22-16,1.120825
09-23-16,1.12256
09-26-16,1.125415
09-27-16,1.12161
09-28-16,1.121705
09-29-16,1.12233
09-30-16,1.12423
10-03-16,1.121105
10-04-16,1.12049
10-05-16,1.12052
10-06-16,1.115075
10-07-16,1.12013
10-10-16,1.113925
10-11-16,1.10538
10-12-16,1.100705
10-13-16,1.10566
10-14-16,1.09712
10-17-16,1.09996
10-18-16,1.09799
10-19-16,1.097385
10-20-16,1.09292
10-21-16,1.08839
10-24-16,1.08816
10-25-16,1.08882
10-26-16,1.090895
10-27-16,1.089675
10-28-16,1.098755
10-31-16,1.09814
11-01-16,1.105525
11-02-16,1.109765
11-03-16,1.11059
11-04-16,1.11395
11-07-16,1.10405
11-08-16,1.10254
11-09-16,1.090925
11-10-16,1.089145
11-11-16,1.08566
11-14-16,1.073745
11-15-16,1.07227
11-16-16,1.0691
11-17-16,1.062455
11-18-16,1.05896
11-21-16,1.062755
11-22-16,1.062745
11-23-16,1.05525
11-24-16,1.0554
11-25-16,1.05936
11-28-16,1.06119
11-29-16,1.064965
11-30-16,1.05896
12-01-16,1.06614
12-02-16,1.06663
12-05-16,1.07638
12-06-16,1.0717
12-07-16,1.075335
12-08-16,1.061515
12-09-16,1.05611
12-12-16,1.0636
12-13-16,1.062575
12-14-16,1.05355
12-15-16,1.041405
12-16-16,1.04512
12-19-16,1.04024
12-20-16,1.038735
12-21-16,1.042385
12-22-16,1.0437
12-23-16,1.04552
12-27-16,1.04572
12-28-16,1.04132
12-29-16,1.049135
12-30-16,1.05204
01-03-17,1.04048
01-04-17,1.04891
01-05-17,1.06069
01-06-17,1.05317
01-09-17,1.057175
01-10-17,1.055405
01-11-17,1.058235
01-12-17,1.061265
01-13-17,1.06433
01-16-17,1.06004
01-17-17,1.07135
01-18-17,1.06291
01-19-17,1.066455
01-20-17,1.070115
01-23-17,1.07639
01-24-17,1.07313
01-25-17,1.07487
01-26-17,1.06825
01-27-17,1.06978
01-30-17,1.069575
01-31-17,1.079745
02-01-17,1.07688
02-02-17,1.07582
02-03-17,1.07856
02-06-17,1.075045
02-07-17,1.06829
02-08-17,1.06983
02-09-17,1.065555
02-10-17,1.064085
02-13-17,1.059655
02-14-17,1.057825
02-15-17,1.060005
02-16-17,1.067385
02-17-17,1.06162
02-20-17,1.061375
02-21-17,1.05365
02-22-17,1.055855
02-23-17,1.058155
02-24-17,1.056095
02-27-17,1.058665
02-28-17,1.057645
03-01-17,1.05466
03-02-17,1.050625
03-03-17,1.062205
03-06-17,1.058185
03-07-17,1.056615
03-08-17,1.05409
03-09-17,1.05773
03-10-17,1.06736
03-13-17,1.06533
03-14-17,1.060465
03-15-17,1.07346
03-16-17,1.076545
03-17-17,1.073815
03-20-17,1.073935
03-21-17,1.08098
03-22-17,1.0797
03-23-17,1.07833
03-24-17,1.079765
03-27-17,1.08627
03-28-17,1.081395
03-29-17,1.07658
03-30-17,1.067415
03-31-17,1.06548
04-03-17,1.067015
04-04-17,1.067465
04-05-17,1.066355
04-06-17,1.06438
04-07-17,1.05902
04-10-17,1.0596
04-11-17,1.060445
04-12-17,1.066515
04-13-17,1.06134
04-14-17,1.06126
04-17-17,1.06431
04-18-17,1.073065
04-19-17,1.07115
04-20-17,1.07167
04-21-17,1.07266
04-24-17,1.086735
04-25-17,1.09265
04-26-17,1.0904
04-27-17,1.087265
04-28-17,1.08962
05-01-17,1.0899
05-02-17,1.09307
05-03-17,1.088505
05-04-17,1.09843
05-05-17,1.09989
05-08-17,1.092375
05-09-17,1.087435
05-10-17,1.08676
05-11-17,1.08609
05-12-17,1.093135
05-15-17,1.09751
05-16-17,1.108265
05-17-17,1.115995
05-18-17,1.11026
05-19-17,1.12068
05-22-17,1.123735
05-23-17,1.11824
05-24-17,1.121875
05-25-17,1.12104
05-26-17,1.11813
05-29-17,1.116305
05-30-17,1.11858
05-31-17,1.124335
06-01-17,1.12125
06-02-17,1.128265
06-05-17,1.125425
06-06-17,1.12773
06-07-17,1.125675
06-08-17,1.12142
06-09-17,1.11959
06-12-17,1.12037
06-13-17,1.121055
06-14-17,1.121805
06-15-17,1.114535
06-16-17,1.119635
06-19-17,1.114825
06-20-17,1.11342
06-21-17,1.11685
06-22-17,1.115155
06-23-17,1.119375
06-26-17,1.11816
06-27-17,1.13387
06-28-17,1.13772
06-29-17,1.14406
06-30-17,1.14252
07-03-17,1.13641
07-04-17,1.13459
07-05-17,1.135145
07-06-17,1.14234
07-07-17,1.14001
07-10-17,1.139935
07-11-17,1.14671
07-12-17,1.141165
07-13-17,1.13978
07-14-17,1.14688
07-17-17,1.14783
07-18-17,1.15537
07-19-17,1.151525
07-20-17,1.16318
07-21-17,1.1664
07-24-17,1.164205
07-25-17,1.16471
07-26-17,1.17345
07-27-17,1.167735
07-28-17,1.17498
07-31-17,1.184195
08-01-17,1.18021
08-02-17,1.185585
08-03-17,1.18691
08-04-17,1.17734
08-07-17,1.179495
08-08-17,1.17529
08-09-17,1.175935
08-10-17,1.1773
08-11-17,1.182175
08-14-17,1.1781
08-15-17,1.173435
08-16-17,1.176655
08-17-17,1.17242
08-18-17,1.17606
08-21-17,1.18146
08-22-17,1.17615
08-23-17,1.18071
08-24-17,1.18003
08-25-17,1.19232
08-28-17,1.19781
08-29-17,1.197185
08-30-17,1.18842
08-31-17,1.19092
09-01-17,1.18597
09-04-17,1.18959
09-05-17,1.191425
09-06-17,1.19177
09-07-17,1.20231
09-08-17,1.203535
09-11-17,1.19536
09-12-17,1.19658
09-13-17,1.188555
09-14-17,1.19191
09-15-17,1.19476
09-18-17,1.19548
09-19-17,1.1995
09-20-17,1.18932
09-21-17,1.1943
09-22-17,1.194745
09-25-17,1.18499
09-26-17,1.17935
09-27-17,1.17448
09-28-17,1.17862
09-29-17,1.18152
10-02-17,1.173285
10-03-17,1.174455
10-04-17,1.17597
10-05-17,1.171105
10-06-17,1.17334
10-09-17,1.174085
10-10-17,1.180845
10-11-17,1.18594
10-12-17,1.183045
10-13-17,1.18212
10-16-17,1.179685
10-17-17,1.176585
10-18-17,1.178645
10-19-17,1.18521
10-20-17,1.17817
10-23-17,1.174955
10-24-17,1.1761
10-25-17,1.18127
10-26-17,1.165195
10-27-17,1.160825
10-30-17,1.16517
10-31-17,1.164565
11-01-17,1.161935
11-02-17,1.165865
11-03-17,1.16085
11-06-17,1.16097
11-07-17,1.158725
11-08-17,1.159405
11-09-17,1.164195
11-10-17,1.16651
11-13-17,1.16674
11-14-17,1.179745
11-15-17,1.179105
11-16-17,1.176925
11-17-17,1.17939
11-20-17,1.17335
11-21-17,1.17387
11-22-17,1.182225
11-23-17,1.18504
11-24-17,1.19329
11-27-17,1.18983
11-28-17,1.18411
11-29-17,1.184815
11-30-17,1.19045
12-01-17,1.18973
12-04-17,1.186515
12-05-17,1.182615
12-06-17,1.17953
12-07-17,1.17727
12-08-17,1.17715
12-11-17,1.176925
12-12-17,1.174145
12-13-17,1.18257
12-14-17,1.17778
12-15-17,1.17511
12-18-17,1.17819
12-19-17,1.18405
12-20-17,1.18717
12-21-17,1.187335
12-22-17,1.18619
12-26-17,1.185845
12-27-17,1.18891
12-28-17,1.194285
12-29-17,1.20025
01-02-18,1.205805
01-03-18,1.201405
01-04-18,1.206825
01-05-18,1.20296
01-08-18,1.196755
01-09-18,1.19373
01-10-18,1.19479
01-11-18,1.203135
01-12-18,1.22004
01-15-18,1.226335
01-16-18,1.226065
01-17-18,1.21856
01-18-18,1.22383
01-19-18,1.22182
01-22-18,1.226135
01-23-18,1.22981
01-24-18,1.240795
01-25-18,1.23975
01-26-18,1.2431
01-29-18,1.23824
01-30-18,1.2403
01-31-18,1.241415
02-01-18,1.25076
02-02-18,1.24562
02-05-18,1.23671
02-06-18,1.23763
02-07-18,1.226395
02-08-18,1.224635
02-09-18,1.22515
02-12-18,1.229105
02-13-18,1.235135
02-14-18,1.24497
02-15-18,1.250565
02-16-18,1.24099
02-19-18,1.24075
02-20-18,1.233735
02-21-18,1.22839
02-22-18,1.23306
02-23-18,1.22946
02-26-18,1.231685
02-27-18,1.223315
02-28-18,1.2194
03-01-18,1.22668
03-02-18,1.23182
03-05-18,1.23361
03-06-18,1.24047
03-07-18,1.241065
03-08-18,1.23118
03-09-18,1.23058
03-12-18,1.23353
03-13-18,1.23902
03-14-18,1.236775
03-15-18,1.230475
03-16-18,1.22891
03-19-18,1.23352
03-20-18,1.22412
03-21-18,1.23381
03-22-18,1.230155
03-23-18,1.23539
03-26-18,1.24492
03-27-18,1.240275
03-28-18,1.230885
03-29-18,1.23008
03-30-18,1.23237
04-02-18,1.23019
04-03-18,1.227005
04-04-18,1.227855
04-05-18,1.224035
04-06-18,1.22815
04-09-18,1.2321
04-10-18,1.235635
04-11-18,1.23679
04-12-18,1.232665
04-13-18,1.23306
04-16-18,1.23801
04-17-18,1.23692
04-18-18,1.23742
04-19-18,1.23458
04-20-18,1.22871
04-23-18,1.22078
04-24-18,1.22325
04-25-18,1.216
04-26-18,1.21036
04-27-18,1.21305
04-30-18,1.20798
05-01-18,1.19926
05-02-18,1.19502
05-03-18,1.19893
05-04-18,1.1962
05-07-18,1.19228
05-08-18,1.18649
05-09-18,1.18512
05-10-18,1.19156
05-11-18,1.19412
05-14-18,1.19276
05-15-18,1.18372
05-16-18,1.1808
05-17-18,1.17955
05-18-18,1.17707
05-21-18,1.17913
05-22-18,1.17784
05-23-18,1.16972
05-24-18,1.17194
05-25-18,1.1648
05-28-18,1.16244
05-29-18,1.15396
05-30-18,1.16632
05-31-18,1.16941
06-01-18,1.16592
06-04-18,1.16986
06-05-18,1.17184
06-06-18,1.17742
06-07-18,1.1799
06-08-18,1.17691
06-11-18,1.17856
06-12-18,1.17447
06-13-18,1.17929
06-14-18,1.15686
06-15-18,1.16089
06-18-18,1.16219
06-19-18,1.15888
06-20-18,1.15742
06-21-18,1.16029
06-22-18,1.1656
06-25-18,1.17037
06-26-18,1.1648
06-27-18,1.15554
06-28-18,1.1569
06-29-18,1.1685
07-02-18,1.16394
07-03-18,1.16596
07-04-18,1.16565
07-05-18,1.169
07-06-18,1.17469
07-09-18,1.1752
07-10-18,1.17445
07-11-18,1.16743
07-12-18,1.16719
07-13-18,1.1686
07-16-18,1.17122
07-17-18,1.16618
07-18-18,1.1639
07-19-18,1.16419
07-20-18,1.17227
07-23-18,1.1693
07-24-18,1.16831
07-25-18,1.17274
07-26-18,1.16429
07-27-18,1.16569
07-30-18,1.17052
07-31-18,1.16894
08-01-18,1.16604
08-02-18,1.15844
08-03-18,1.15686
08-06-18,1.15536
08-07-18,1.15982
08-08-18,1.16106
08-09-18,1.15269
08-10-18,1.14119
08-13-18,1.14094
08-14-18,1.13442
08-15-18,1.13462
08-16-18,1.13758
08-17-18,1.14386
08-20-18,1.14825
08-21-18,1.15712
08-22-18,1.15964
08-23-18,1.15414
08-24-18,1.1622
08-27-18,1.16783
08-28-18,1.16948
08-29-18,1.1708
08-30-18,1.16694
08-31-18,1.16019
09-03-18,1.16192
09-04-18,1.15822
09-05-18,1.16304
09-06-18,1.16228
09-07-18,1.15535
09-10-18,1.15938
09-11-18,1.16045
09-12-18,1.16256
09-13-18,1.16906
09-14-18,1.1625
09-17-18,1.16825
09-18-18,1.16686
09-19-18,1.16728
09-20-18,1.17776
09-21-18,1.17482
09-24-18,1.17464
09-25-18,1.17661
09-26-18,1.17403
09-27-18,1.1641
09-28-18,1.16042
10-01-18,1.1578
10-02-18,1.15494
10-03-18,1.14788
10-04-18,1.15148
10-05-18,1.15221
10-08-18,1.14916
10-09-18,1.1492
10-10-18,1.15199
10-11-18,1.15932
10-12-18,1.15594
10-15-18,1.15788
10-16-18,1.15746
10-17-18,1.15008
10-18-18,1.14518
10-19-18,1.15142
10-22-18,1.14647
10-23-18,1.14713
10-24-18,1.13924
10-25-18,1.13748
10-26-18,1.14033
10-29-18,1.13727
10-30-18,1.13456
10-31-18,1.13117
11-01-18,1.14084
11-02-18,1.13874
11-05-18,1.14078
11-06-18,1.14269
11-07-18,1.14264
11-08-18,1.13626
11-09-18,1.1335
11-12-18,1.12176
11-13-18,1.12902
11-14-18,1.13094
11-15-18,1.13288
11-16-18,1.14186
11-19-18,1.1453
11-20-18,1.13704
11-21-18,1.13862
11-22-18,1.14026
11-23-18,1.13359
11-26-18,1.1328
11-27-18,1.12934
11-28-18,1.13667
11-29-18,1.1393
11-30-18,1.13181
12-03-18,1.13544
12-04-18,1.13434
12-05-18,1.13449
12-06-18,1.13768
12-07-18,1.13793
12-10-18,1.13552
12-11-18,1.13186
12-12-18,1.13687
12-13-18,1.13576
12-14-18,1.13051
12-17-18,1.13482
12-18-18,1.13637
12-19-18,1.13776
12-20-18,1.14454
12-21-18,1.13714
12-24-18,1.14059
12-26-18,1.13526
12-27-18,1.14309
12-28-18,1.14439
12-31-18,1.14657
01-02-19,1.13442
01-03-19,1.13948
01-04-19,1.13944
01-07-19,1.14745
01-08-19,1.14418
01-09-19,1.15428
01-10-19,1.15001
01-11-19,1.14677
01-14-19,1.14692
01-15-19,1.14124
01-16-19,1.1391
01-17-19,1.13885
01-18-19,1.13628
01-21-19,1.13663
01-22-19,1.13608
01-23-19,1.13812
01-24-19,1.13056
01-25-19,1.14045
01-28-19,1.14282
01-29-19,1.14327
01-30-19,1.14799
01-31-19,1.14473
02-01-19,1.14559
02-04-19,1.14376
02-05-19,1.14042
02-06-19,1.1362
02-07-19,1.13389
02-08-19,1.13221
02-11-19,1.12757
02-12-19,1.1326
02-13-19,1.12607
02-14-19,1.12953
02-15-19,1.1295
02-18-19,1.13106
02-19-19,1.13406
02-20-19,1.13369
02-21-19,1.13346
02-22-19,1.1334
02-25-19,1.13568
02-26-19,1.13892
02-27-19,1.13696
02-28-19,1.13706
03-01-19,1.13647
03-04-19,1.13397
03-05-19,1.13078
03-06-19,1.13066
03-07-19,1.1194
03-08-19,1.12347
03-11-19,1.12449
03-12-19,1.12874
03-13-19,1.13278
03-14-19,1.13042
03-15-19,1.13252
03-18-19,1.13396
03-19-19,1.13512
03-20-19,1.14127
03-21-19,1.13756
03-22-19,1.13014
03-25-19,1.13124
03-26-19,1.12658
03-27-19,1.12441
03-28-19,1.1224
03-29-19,1.12176
04-01-19,1.12132
04-02-19,1.12044
04-03-19,1.1233
04-04-19,1.12206
04-05-19,1.12163
04-08-19,1.12611
04-09-19,1.12628
04-10-19,1.12736
04-11-19,1.12541
04-12-19,1.12987
04-15-19,1.13045
04-16-19,1.12806
04-17-19,1.12979
04-18-19,1.12306
04-19-19,1.12453
04-22-19,1.12572
04-23-19,1.12274
04-24-19,1.11541
04-25-19,1.1132
04-26-19,1.11472
04-29-19,1.11854
04-30-19,1.12153
05-01-19,1.11954
05-02-19,1.1172
05-03-19,1.12012
05-06-19,1.11994
05-07-19,1.11918
05-08-19,1.11918
05-09-19,1.1214
05-10-19,1.12336
05-13-19,1.12224
05-14-19,1.1204
05-15-19,1.12015
05-16-19,1.11736
05-17-19,1.11574
05-20-19,1.11658
05-21-19,1.11614
05-22-19,1.11506
05-23-19,1.11819
05-24-19,1.12038
05-27-19,1.1193
05-28-19,1.11602
05-29-19,1.11308
05-30-19,1.11292
05-31-19,1.11688
06-03-19,1.12416
06-04-19,1.1252
06-05-19,1.1221
06-06-19,1.12756
06-07-19,1.13336
06-10-19,1.13115
06-11-19,1.1326
06-12-19,1.12874
06-13-19,1.12765
06-14-19,1.12096
06-17-19,1.12181
06-18-19,1.11941
06-19-19,1.12262
06-20-19,1.12916
06-21-19,1.13688
06-24-19,1.13988
06-25-19,1.13668
06-26-19,1.13695
06-27-19,1.13694
06-28-19,1.13721
07-01-19,1.12857
07-02-19,1.12862
07-03-19,1.12774
07-04-19,1.12846
07-05-19,1.12255
07-08-19,1.12144
07-09-19,1.12078
07-10-19,1.12505
07-11-19,1.12542
07-12-19,1.12706
07-15-19,1.12578
07-16-19,1.121
07-17-19,1.12244
07-18-19,1.12772
07-19-19,1.12208
07-22-19,1.12088
07-23-19,1.11516
07-24-19,1.11398
07-25-19,1.11474
07-26-19,1.1128
07-29-19,1.11452
07-30-19,1.11558
07-31-19,1.10766
08-01-19,1.1085
08-02-19,1.11084
08-05-19,1.12031
08-06-19,1.12024
08-07-19,1.1199
08-08-19,1.11796
08-09-19,1.12002
08-12-19,1.12138
08-13-19,1.11718
08-14-19,1.11387
08-15-19,1.11093
08-16-19,1.10904
08-19-19,1.10781
08-20-19,1.11008
08-21-19,1.10846
08-22-19,1.10796
08-23-19,1.11429
08-26-19,1.10991
08-27-19,1.10901
08-28-19,1.10776
08-29-19,1.10566
08-30-19,1.09905
09-02-19,1.09698
09-03-19,1.0974
09-04-19,1.10346
09-05-19,1.10344
09-06-19,1.10278
09-09-19,1.10472
09-10-19,1.10432
09-11-19,1.10109
09-12-19,1.10639
09-13-19,1.10743
09-16-19,1.10023
09-17-19,1.10725
09-18-19,1.10298
09-19-19,1.10408
09-20-19,1.10182
09-23-19,1.09932
09-24-19,1.102
09-25-19,1.09438
09-26-19,1.09204
09-27-19,1.09404
09-30-19,1.08986
10-01-19,1.09323
10-02-19,1.09592
10-03-19,1.09634
10-04-19,1.09782
10-07-19,1.09706
10-08-19,1.0956
10-09-19,1.09706
10-10-19,1.10055
10-11-19,1.10384
10-14-19,1.10271
10-15-19,1.10324
10-16-19,1.10716
10-17-19,1.11249
10-18-19,1.11708
10-21-19,1.11497
10-22-19,1.11252
10-23-19,1.11306
10-24-19,1.11046
10-25-19,1.10798
10-28-19,1.10997
10-29-19,1.1111
10-30-19,1.11504
10-31-19,1.11509
11-01-19,1.11654
11-04-19,1.11282
11-05-19,1.10738
11-06-19,1.10664
11-07-19,1.10498
11-08-19,1.10192
11-11-19,1.10334
11-12-19,1.10088
11-13-19,1.10067
11-14-19,1.1021
11-15-19,1.10514
11-18-19,1.10733
11-19-19,1.10782
11-20-19,1.10724
11-21-19,1.10586
11-22-19,1.102
11-25-19,1.10117
11-26-19,1.10218
11-27-19,1.0999
11-28-19,1.1009
11-29-19,1.10188
12-02-19,1.10792
12-03-19,1.1082
12-04-19,1.10772
12-05-19,1.1104
12-06-19,1.10601
12-09-19,1.10638
12-10-19,1.10939
12-11-19,1.11298
12-12-19,1.11307
12-13-19,1.11206
12-16-19,1.1144
12-17-19,1.115
12-18-19,1.11138
12-19-19,1.11211
12-20-19,1.10765
12-23-19,1.10898
12-24-19,1.10883
12-26-19,1.10966
12-27-19,1.11758
12-30-19,1.1199
12-31-19,1.12121
01-02-20,1.11728
01-03-20,1.11594
01-06-20,1.11972
01-07-20,1.11512
01-08-20,1.11042
01-09-20,1.11064
01-10-20,1.11207
01-13-20,1.11346
01-14-20,1.11276
01-15-20,1.115
01-16-20,1.11361
01-17-20,1.10905
01-20-20,1.10951
01-21-20,1.10818
01-22-20,1.10934
01-23-20,1.10571
01-24-20,1.10252
01-27-20,1.1019
01-28-20,1.1022
01-29-20,1.10109
01-30-20,1.10316
01-31-20,1.10945
02-03-20,1.10608
02-04-20,1.10446
02-05-20,1.09987
02-06-20,1.09814
02-07-20,1.09463
02-10-20,1.09107
02-11-20,1.09155
02-12-20,1.08731
02-13-20,1.08396
02-14-20,1.0831
02-17-20,1.08351
02-18-20,1.07916
02-19-20,1.08066
02-20-20,1.0784
02-21-20,1.08474
02-24-20,1.08542
02-25-20,1.08812
02-26-20,1.08798
02-27-20,1.10008
02-28-20,1.10277
03-02-20,1.1133
03-03-20,1.11721
03-04-20,1.11346
03-05-20,1.12362
03-06-20,1.12836
03-09-20,1.144
03-10-20,1.12809
03-11-20,1.12695
03-12-20,1.11858
03-13-20,1.11054
03-16-20,1.11824
03-17-20,1.0997
03-18-20,1.09156
03-19-20,1.06926
03-20-20,1.06964
03-23-20,1.07262
03-24-20,1.07886
03-25-20,1.08823
03-26-20,1.10325
03-27-20,1.11415
03-30-20,1.10464
03-31-20,1.10336
04-01-20,1.09632
04-02-20,1.08576
04-03-20,1.08056
04-06-20,1.0793
04-07-20,1.08918
04-08-20,1.0857
04-09-20,1.09293
04-10-20,1.09357
04-13-20,1.09111
04-14-20,1.0981
04-15-20,1.09106
04-16-20,1.08395
04-17-20,1.08739
04-20-20,1.0863
04-21-20,1.08578
04-22-20,1.08236
04-23-20,1.07777
04-24-20,1.08232
04-27-20,1.08288
04-28-20,1.08201
04-29-20,1.08758
04-30-20,1.0952
05-01-20,1.09794
05-04-20,1.09054
05-05-20,1.08376
05-06-20,1.07956
05-07-20,1.08324
05-08-20,1.08384
05-11-20,1.0807
05-12-20,1.08474
05-13-20,1.08186
05-14-20,1.08046
05-15-20,1.08197
05-18-20,1.0915
05-19-20,1.09234
05-20-20,1.0979
05-21-20,1.09506
05-22-20,1.09024
05-25-20,1.08972
05-26-20,1.09822
05-27-20,1.10091
05-28-20,1.10773
05-29-20,1.11053
06-01-20,1.11345
06-02-20,1.11692
06-03-20,1.12332
06-04-20,1.13364
06-05-20,1.12915
06-08-20,1.12942
06-09-20,1.13384
06-10-20,1.13751
06-11-20,1.1298
06-12-20,1.12554
06-15-20,1.13228
06-16-20,1.12632
06-17-20,1.12436
06-18-20,1.12049
06-19-20,1.11776
06-22-20,1.12617
06-23-20,1.13088
06-24-20,1.12507
06-25-20,1.12178
06-26-20,1.12184
06-29-20,1.12424
06-30-20,1.12331
07-01-20,1.12512
07-02-20,1.12394
07-03-20,1.12479
07-06-20,1.13097
07-07-20,1.12742
07-08-20,1.13298
07-09-20,1.12852
07-10-20,1.13002
07-13-20,1.13433
07-14-20,1.14001
07-15-20,1.1412
07-16-20,1.13836
07-17-20,1.14282
07-20-20,1.14474
07-21-20,1.15268
07-22-20,1.15698
07-23-20,1.15963
07-24-20,1.16558
07-27-20,1.17517
07-28-20,1.17164
07-29-20,1.17915
07-30-20,1.18475
07-31-20,1.1779
08-03-20,1.17621
08-04-20,1.18026
08-05-20,1.18638
08-06-20,1.18775
08-07-20,1.1786
08-10-20,1.17368
08-11-20,1.17404
08-12-20,1.17847
08-13-20,1.18141
08-14-20,1.18426
08-17-20,1.18706
08-18-20,1.19312
08-19-20,1.18382
08-20-20,1.18601
08-21-20,1.17962
08-24-20,1.17876
08-25-20,1.18344
08-26-20,1.18304
08-27-20,1.18218
08-28-20,1.19046
08-31-20,1.19362
09-01-20,1.19119
09-02-20,1.1855
09-03-20,1.18518
09-04-20,1.18383
09-07-20,1.18136
09-08-20,1.17741
09-09-20,1.18028
09-10-20,1.18145
09-11-20,1.18468
09-14-20,1.18634
09-15-20,1.18468
09-16-20,1.18166
09-17-20,1.18478
09-18-20,1.184
09-21-20,1.17709
09-22-20,1.17077
09-23-20,1.16604
09-24-20,1.16675
09-25-20,1.16315
09-28-20,1.16634
09-29-20,1.17434
09-30-20,1.17208
10-01-20,1.1746
10-02-20,1.17167
10-05-20,1.1785
10-06-20,1.1734
10-07-20,1.17647
10-08-20,1.17602
10-09-20,1.18283
10-12-20,1.18126
10-13-20,1.17458
10-14-20,1.17463
10-15-20,1.17073
10-16-20,1.17171
10-19-20,1.17704
10-20-20,1.18222
10-21-20,1.18596
10-22-20,1.18186
10-23-20,1.18611
10-26-20,1.18094
10-27-20,1.17954
10-28-20,1.1746
10-29-20,1.16728
10-30-20,1.16476
11-02-20,1.16404
11-03-20,1.17196
11-04-20,1.17226
11-05-20,1.18284
11-06-20,1.18737
11-09-20,1.18136
11-10-20,1.18156
11-11-20,1.17784
11-12-20,1.1805
11-13-20,1.18348
11-16-20,1.18531
11-17-20,1.1861
11-18-20,1.18542
11-19-20,1.18742
11-20-20,1.18564
11-23-20,1.18414
11-24-20,1.18924
11-25-20,1.19136
11-26-20,1.19136
11-27-20,1.19634
11-30-20,1.19249
12-01-20,1.20722
12-02-20,1.21161
12-03-20,1.21482
12-04-20,1.21216
12-07-20,1.21097
12-08-20,1.2104
12-09-20,1.20814
12-10-20,1.21418
12-11-20,1.21122
12-14-20,1.21429
12-15-20,1.2153
12-16-20,1.21998
12-17-20,1.22682
12-18-20,1.22563
12-21-20,1.22443
12-22-20,1.2163
12-23-20,1.21856
12-24-20,1.21849
12-28-20,1.22152
12-29-20,1.22502
12-30-20,1.22998
12-31-20,1.22156
01-04-21,1.22524
01-05-21,1.22986
01-06-21,1.23272
01-07-21,1.22692
01-08-21,1.22209
01-11-21,1.21512
01-12-21,1.22079
01-13-21,1.2158
01-14-21,1.21545
01-15-21,1.20804
01-18-21,1.20772
01-19-21,1.21286
01-20-21,1.21062
01-21-21,1.21676
01-22-21,1.21718
01-25-21,1.21416
01-26-21,1.216
01-27-21,1.2112
01-28-21,1.21218
01-29-21,1.21376
02-01-21,1.20602
02-02-21,1.20437
02-03-21,1.20355
02-04-21,1.19624
02-05-21,1.20466
02-08-21,1.20513
02-09-21,1.21186
02-10-21,1.21186
02-11-21,1.21298
02-12-21,1.21204
02-15-21,1.2128
02-16-21,1.21045
02-17-21,1.20412
02-18-21,1.2093
02-19-21,1.21184
02-22-21,1.21581
02-23-21,1.21508
02-24-21,1.21708
02-25-21,1.21745
02-26-21,1.20734
03-01-21,1.20497
03-02-21,1.20912
03-03-21,1.20636
03-04-21,1.19723
03-05-21,1.1913
03-08-21,1.1846
03-09-21,1.19016
03-10-21,1.19286
03-11-21,1.19856
03-12-21,1.19525
03-15-21,1.19302
03-16-21,1.19026
03-17-21,1.19794
03-18-21,1.1916
03-19-21,1.19042
03-22-21,1.19326
03-23-21,1.18493
03-24-21,1.18129
03-25-21,1.17644
03-26-21,1.17941
03-29-21,1.1765
03-30-21,1.17158
03-31-21,1.17308
04-01-21,1.17774
04-02-21,1.17602
04-05-21,1.18123
04-06-21,1.18765
04-07-21,1.18718
04-08-21,1.19154
04-09-21,1.18998
04-12-21,1.19114
04-13-21,1.19486
04-14-21,1.1979
04-15-21,1.19665
04-16-21,1.19822
04-19-21,1.20369
04-20-21,1.20362
04-21-21,1.20349
04-22-21,1.20148
04-23-21,1.20968
04-26-21,1.20859
04-27-21,1.20916
04-28-21,1.21258
04-29-21,1.21199
04-30-21,1.202
05-03-21,1.20638
05-04-21,1.20133
05-05-21,1.20048
05-06-21,1.20653
05-07-21,1.21632
05-10-21,1.21288
05-11-21,1.21483
05-12-21,1.20726
05-13-21,1.2079
05-14-21,1.21457
05-17-21,1.215
05-18-21,1.22225
05-19-21,1.21758
05-20-21,1.22286
05-21-21,1.21817
05-24-21,1.22166
05-25-21,1.22522
05-26-21,1.21929
05-27-21,1.21941
05-28-21,1.21921
05-31-21,1.22258
06-01-21,1.22138
06-02-21,1.22104
06-03-21,1.21271
06-04-21,1.21668
06-07-21,1.21894
06-08-21,1.2173
06-09-21,1.21795
06-10-21,1.2176
06-11-21,1.2109
06-14-21,1.21202
06-15-21,1.2126
06-16-21,1.19951
06-17-21,1.1907
06-18-21,1.18642
06-21-21,1.19178
06-22-21,1.19412
06-23-21,1.19266
06-24-21,1.19313
06-25-21,1.19361
06-28-21,1.19244
06-29-21,1.18969
06-30-21,1.18566
07-01-21,1.18496
07-02-21,1.18654
07-05-21,1.18637
07-06-21,1.18231
07-07-21,1.17911
07-08-21,1.18461
07-09-21,1.1877
07-12-21,1.18604
07-13-21,1.17764
07-14-21,1.18364
07-15-21,1.18106
07-16-21,1.18052
07-19-21,1.17986
07-20-21,1.17808
07-21-21,1.17948
07-22-21,1.17713
07-23-21,1.17717
07-26-21,1.1803
07-27-21,1.18161
07-28-21,1.18425
07-29-21,1.1887
07-30-21,1.18671
08-02-21,1.1872
08-03-21,1.18649
08-04-21,1.18368
08-05-21,1.18324
08-06-21,1.17616
08-09-21,1.17358
08-10-21,1.17206
08-11-21,1.17395
08-12-21,1.17297
08-13-21,1.17952
08-16-21,1.17765
08-17-21,1.17084
08-18-21,1.17106
08-19-21,1.16762
08-20-21,1.1699
08-23-21,1.1746
08-24-21,1.17573
08-25-21,1.17725
08-26-21,1.17522
08-27-21,1.17944
08-30-21,1.17969
08-31-21,1.18088
09-01-21,1.184
09-02-21,1.1875
09-03-21,1.18791
09-06-21,1.18709
09-07-21,1.18422
09-08-21,1.18158
09-09-21,1.18238
09-10-21,1.18107
09-13-21,1.18103
09-14-21,1.1804
09-15-21,1.18158
09-16-21,1.17688
09-17-21,1.17243
09-20-21,1.17267
09-21-21,1.17255
09-22-21,1.1688
09-23-21,1.17388
09-24-21,1.17206
09-27-21,1.16953
09-28-21,1.16834
09-29-21,1.15971
09-30-21,1.15776
10-01-21,1.1593
10-04-21,1.16204
10-05-21,1.15978
10-06-21,1.15567
10-07-21,1.15536
10-08-21,1.15744
10-11-21,1.15532
10-12-21,1.15302
10-13-21,1.15958
10-14-21,1.15971
10-15-21,1.1599
10-18-21,1.16112
10-19-21,1.1633
10-20-21,1.1651
10-21-21,1.16249
10-22-21,1.16459
10-25-21,1.16106
10-26-21,1.15964
10-27-21,1.16033
10-28-21,1.1683
10-29-21,1.15619
11-01-21,1.16062
11-02-21,1.15799
11-03-21,1.16117
11-04-21,1.15546
11-05-21,1.1568
11-08-21,1.15872
11-09-21,1.15944
11-10-21,1.14778
11-11-21,1.14493
11-12-21,1.14433
11-15-21,1.13676
11-16-21,1.13204
11-17-21,1.13189
11-18-21,1.1373
11-19-21,1.12819
11-22-21,1.12344
11-23-21,1.12492
11-24-21,1.12008
11-25-21,1.12092
11-26-21,1.13102
11-29-21,1.12925
11-30-21,1.13392
12-01-21,1.132
12-02-21,1.1301
12-03-21,1.13109
12-06-21,1.12857
12-07-21,1.12686
12-08-21,1.13433
12-09-21,1.12933
12-10-21,1.13178
12-13-21,1.12862
12-14-21,1.12574
12-15-21,1.12948
12-16-21,1.13306
12-17-21,1.1236
12-20-21,1.12766
12-21-21,1.12841
12-22-21,1.13276
12-23-21,1.13275
12-24-21,1.13105
12-27-21,1.13274
12-28-21,1.13084
12-29-21,1.13472
12-30-21,1.13256
12-31-21,1.1373
01-03-22,1.12974
01-04-22,1.12864
01-05-22,1.13129
01-06-22,1.12984
01-07-22,1.13616
01-10-22,1.1328
01-11-22,1.13693
01-12-22,1.14409
01-13-22,1.14541
01-14-22,1.14154
01-17-22,1.14064
01-18-22,1.13278
01-19-22,1.13422
01-20-22,1.131
01-21-22,1.13444
01-24-22,1.13242
01-25-22,1.13014
01-26-22,1.1241
01-27-22,1.11441
01-28-22,1.11492
01-31-22,1.1233
02-01-22,1.12736
02-02-22,1.13056
02-03-22,1.14392
02-04-22,1.14516
02-07-22,1.14416
02-08-22,1.1417
02-09-22,1.14232
02-10-22,1.1428
02-11-22,1.13472
02-14-22,1.13064
02-15-22,1.13586
02-16-22,1.13736
02-17-22,1.13622
02-18-22,1.13237
02-21-22,1.131
02-22-22,1.13264
02-23-22,1.13046
02-24-22,1.11938
02-25-22,1.12712
02-28-22,1.12194
03-01-22,1.11231
03-02-22,1.1123
03-03-22,1.10656
03-04-22,1.09376
03-07-22,1.08546
03-08-22,1.08949
03-09-22,1.10769
03-10-22,1.09884
03-11-22,1.09124
03-14-22,1.094
03-15-22,1.09522
03-16-22,1.10354
03-17-22,1.10911
03-18-22,1.10512
03-21-22,1.1017
03-22-22,1.10298
03-23-22,1.10073
03-24-22,1.09981
03-25-22,1.09847
03-28-22,1.09858
03-29-22,1.10866
03-30-22,1.11588
03-31-22,1.10671
04-01-22,1.10494
04-04-22,1.09714
04-05-22,1.09055
04-06-22,1.08964
04-07-22,1.08794
04-08-22,1.08762
04-11-22,1.08835
04-12-22,1.08268
04-13-22,1.0892
04-14-22,1.08282
04-15-22,1.08149
04-18-22,1.07816
04-19-22,1.07886
04-20-22,1.0855
04-21-22,1.08316
04-22-22,1.07974
04-25-22,1.07111
04-26-22,1.06368
04-27-22,1.05586
04-28-22,1.0499
04-29-22,1.05453
05-02-22,1.05076
05-03-22,1.05202
05-04-22,1.06206
05-05-22,1.05396
05-06-22,1.05458
05-09-22,1.05602
05-10-22,1.05299
05-11-22,1.05136
05-12-22,1.0381
05-13-22,1.04072
05-16-22,1.04343
05-17-22,1.05536
05-18-22,1.04626
05-19-22,1.05842
05-20-22,1.05554
05-23-22,1.06912
05-24-22,1.07359
05-25-22,1.06798
05-26-22,1.07302
05-27-22,1.07334
05-30-22,1.078
05-31-22,1.07322
06-01-22,1.06518
06-02-22,1.07488
06-03-22,1.07194
06-06-22,1.06958
06-07-22,1.07054
06-08-22,1.07164
06-09-22,1.06188
06-10-22,1.05204
06-13-22,1.04086
06-14-22,1.0417
06-15-22,1.04466
06-16-22,1.05524
06-17-22,1.04938
06-20-22,1.05112
06-21-22,1.05348
06-22-22,1.05688
06-23-22,1.05212
06-24-22,1.05564
06-27-22,1.05823
06-28-22,1.05222
06-29-22,1.04416
06-30-22,1.04834
07-01-22,1.04265
07-04-22,1.04228
07-05-22,1.02652
07-06-22,1.01851
07-07-22,1.01614
07-08-22,1.01854
07-11-22,1.00393
07-12-22,1.00374
07-13-22,1.0058
07-14-22,1.00206
07-15-22,1.00878
07-18-22,1.01444
07-19-22,1.02258
07-20-22,1.0181
07-21-22,1.02304
07-22-22,1.02151
07-25-22,1.02224
07-26-22,1.01174
07-27-22,1.01996
07-28-22,1.01964
07-29-22,1.02266
08-01-22,1.02602
08-02-22,1.0166
08-03-22,1.01692
08-04-22,1.02468
08-05-22,1.01814
08-08-22,1.01936
08-09-22,1.02129
08-10-22,1.02996
08-11-22,1.0324
08-12-22,1.0259
08-15-22,1.01596
08-16-22,1.01709
08-17-22,1.01781
08-18-22,1.00876
08-19-22,1.00416
08-22-22,0.99419
08-23-22,0.99672
08-24-22,0.99682
08-25-22,0.9974
08-26-22,0.99632
08-29-22,0.99982
08-30-22,1.0016
08-31-22,1.00544
09-01-22,0.9947
09-02-22,0.99564
09-05-22,0.99302
09-06-22,0.99059
09-07-22,1.00072
09-08-22,0.99992
09-09-22,1.00467
09-12-22,1.01222
09-13-22,0.99674
09-14-22,0.9979
09-15-22,0.99972
09-16-22,1.0017
09-19-22,1.00253
09-20-22,0.997
09-21-22,0.98382
09-22-22,0.98346
09-23-22,0.96914
09-26-22,0.9609
09-27-22,0.95936
09-28-22,0.97368
09-29-22,0.9814
09-30-22,0.98016
10-03-22,0.9825
10-04-22,0.99879
10-05-22,0.98854
10-06-22,0.97922
10-07-22,0.97422
10-10-22,0.97046
10-11-22,0.97036
10-12-22,0.97038
10-13-22,0.97789
10-14-22,0.97237
10-17-22,0.98446
10-18-22,0.98588
10-19-22,0.97726
10-20-22,0.97886
10-21-22,0.98605
10-24-22,0.98736
10-25-22,0.99679
10-26-22,1.00852
10-27-22,0.99648
10-28-22,0.9966
10-31-22,0.98828
11-01-22,0.98742
11-02-22,0.98156
11-03-22,0.975
11-04-22,0.99589
11-07-22,1.0021
11-08-22,1.00732
11-09-22,1.00117
11-10-22,1.02076
11-11-22,1.03542
11-14-22,1.03271
11-15-22,1.03481
11-16-22,1.03944
11-17-22,1.0365
11-18-22,1.03223
11-21-22,1.02416
11-22-22,1.03026
11-23-22,1.03954
11-24-22,1.04118
11-25-22,1.03965
11-28-22,1.03406
11-29-22,1.0329
11-30-22,1.04072
12-01-22,1.0526
12-02-22,1.05406
12-05-22,1.04948
12-06-22,1.04671
12-07-22,1.05064
12-08-22,1.05552
12-09-22,1.05336
12-12-22,1.05378
12-13-22,1.06317
12-14-22,1.06822
12-15-22,1.06267
12-16-22,1.05848
12-19-22,1.06079
12-20-22,1.06213
12-21-22,1.06052
12-22-22,1.05972
12-23-22,1.06162
12-27-22,1.0638
12-28-22,1.06122
12-29-22,1.0661
12-30-22,1.07039
01-02-23,1.06638
01-03-23,1.0549
01-04-23,1.06044
01-05-23,1.05215
01-06-23,1.06444
01-09-23,1.07338
01-10-23,1.07342
01-11-23,1.07579
01-12-23,1.08514
01-13-23,1.08324
01-16-23,1.08237
01-17-23,1.0788
01-18-23,1.07946
01-19-23,1.08312
01-20-23,1.08555
01-23-23,1.08718
01-24-23,1.08882
01-25-23,1.09152
01-26-23,1.08912
01-27-23,1.08679
01-30-23,1.08517
01-31-23,1.08632
02-01-23,1.09896
02-02-23,1.09098
02-03-23,1.0794
02-06-23,1.0725
02-07-23,1.07274
02-08-23,1.07143
02-09-23,1.0739
02-10-23,1.06774
02-13-23,1.07242
02-14-23,1.07357
02-15-23,1.0688
02-16-23,1.0673
02-17-23,1.06937
02-20-23,1.06844
02-21-23,1.06464
02-22-23,1.06044
02-23-23,1.0595
02-24-23,1.05457
02-27-23,1.06098
02-28-23,1.05753
03-01-23,1.06696
03-02-23,1.05969
03-03-23,1.06342
03-06-23,1.06831
03-07-23,1.05492
03-08-23,1.05432
03-09-23,1.05822
03-10-23,1.06386
03-13-23,1.07316
03-14-23,1.07333
03-15-23,1.05756
03-16-23,1.06124
03-17-23,1.06656
03-20-23,1.07238
03-21-23,1.07694
03-22-23,1.08561
03-23-23,1.0832
03-24-23,1.07598
03-27-23,1.07992
03-28-23,1.08454
03-29-23,1.08453
03-30-23,1.09062
03-31-23,1.08422
04-03-23,1.09028
04-04-23,1.09566
04-05-23,1.09076
04-06-23,1.09217
04-07-23,1.09012
04-10-23,1.08614
04-11-23,1.09131
04-12-23,1.09904
04-13-23,1.10472
04-14-23,1.09944
04-17-23,1.09274
04-18-23,1.09738
04-19-23,1.09561
04-20-23,1.09705
04-21-23,1.09893
04-24-23,1.10458
04-25-23,1.09748
04-26-23,1.10405
04-27-23,1.1029
04-28-23,1.1017
05-01-23,1.0977
05-02-23,1.1
05-03-23,1.10608
05-04-23,1.10132
05-05-23,1.10188
05-08-23,1.1004
05-09-23,1.09605
05-10-23,1.09834
05-11-23,1.09158
05-12-23,1.08498
05-15-23,1.08745
05-16-23,1.0862
05-17-23,1.0839
05-18-23,1.07712
05-19-23,1.08062
05-22-23,1.0813
05-23-23,1.07707
05-24-23,1.07494
05-25-23,1.0725
05-26-23,1.07252
05-29-23,1.07091
05-30-23,1.07342
05-31-23,1.06888
06-01-23,1.07622
06-02-23,1.07078
06-05-23,1.07119
06-06-23,1.06922
06-07-23,1.06985
06-08-23,1.07828
06-09-23,1.07496
06-12-23,1.0758
06-13-23,1.07933
06-14-23,1.08316
06-15-23,1.09455
06-16-23,1.09416
06-19-23,1.0921
06-20-23,1.09179
06-21-23,1.09866
06-22-23,1.09558
06-23-23,1.0896
06-26-23,1.0905
06-27-23,1.09608
06-28-23,1.09128
06-29-23,1.08644
06-30-23,1.0911
07-03-23,1.09144
07-04-23,1.0878
07-05-23,1.08534
07-06-23,1.08921
07-07-23,1.09688
07-10-23,1.10012
07-11-23,1.10087
07-12-23,1.11316
07-13-23,1.12264
07-14-23,1.12274
07-17-23,1.12398
07-18-23,1.12284
07-19-23,1.12027
07-20-23,1.11298
07-21-23,1.11256
07-24-23,1.10648
07-25-23,1.1055
07-26-23,1.10862
07-27-23,1.09762
07-28-23,1.10171
07-31-23,1.09978
08-01-23,1.09848
08-02-23,1.09389
08-03-23,1.09498
08-04-23,1.10096
08-07-23,1.10027
08-08-23,1.09565
08-09-23,1.09736
08-10-23,1.09806
08-11-23,1.09468
08-14-23,1.09072
08-15-23,1.09044
08-16-23,1.08792
08-17-23,1.08723
08-18-23,1.08727
08-21-23,1.08957
08-22-23,1.08461
08-23-23,1.08629
08-24-23,1.08102
08-25-23,1.07944
08-28-23,1.0819
08-29-23,1.08788
08-30-23,1.09234
08-31-23,1.08434
09-01-23,1.07752
09-04-23,1.07966
09-05-23,1.07217
09-06-23,1.07272
09-07-23,1.06959
09-08-23,1.06992
09-11-23,1.07504
09-12-23,1.07566
09-13-23,1.07298
09-14-23,1.0644
09-15-23,1.06592
09-18-23,1.06919
09-19-23,1.06791
09-20-23,1.06599
09-21-23,1.0661
09-22-23,1.06448
09-25-23,1.05932
09-26-23,1.0572
09-27-23,1.05026
09-28-23,1.05664
09-29-23,1.05744
10-02-23,1.0478
10-03-23,1.04669
10-04-23,1.0504
10-05-23,1.0551
10-06-23,1.05872
10-09-23,1.05668
10-10-23,1.06047
10-11-23,1.06183
10-12-23,1.05283
10-13-23,1.0509
10-16-23,1.05593
10-17-23,1.05762
10-18-23,1.0536
10-19-23,1.05814
10-20-23,1.05948
10-23-23,1.06686
10-24-23,1.0591
10-25-23,1.05661
10-26-23,1.05639
10-27-23,1.05652
10-30-23,1.06151
10-31-23,1.05743
11-01-23,1.0569
11-02-23,1.06224
11-03-23,1.07286
11-06-23,1.07177
11-07-23,1.07
11-08-23,1.07093
11-09-23,1.06681
11-10-23,1.06847
11-13-23,1.06992
11-14-23,1.08791
11-15-23,1.08476
11-16-23,1.08528
11-17-23,1.09127
11-20-23,1.094
11-21-23,1.09108
11-22-23,1.08888
11-23-23,1.09066
11-24-23,1.09399
11-27-23,1.09545
11-28-23,1.09952
11-29-23,1.09698
11-30-23,1.08884
12-01-23,1.08833
12-04-23,1.08363
12-05-23,1.07983
12-06-23,1.07644
12-07-23,1.0793
12-08-23,1.0761
12-11-23,1.07644
12-12-23,1.07946
12-13-23,1.08751
12-14-23,1.09918
12-15-23,1.08948
12-18-23,1.09236
12-19-23,1.09809
12-20-23,1.09434
12-21-23,1.10122
12-22-23,1.10146
12-26-23,1.1042
12-27-23,1.11066
12-28-23,1.10626
12-29-23,1.10374
01-02-24,1.09406
01-03-24,1.0922
01-04-24,1.0945
01-05-24,1.09423
01-08-24,1.09506
01-09-24,1.09313
01-10-24,1.09727
01-11-24,1.09736
01-12-24,1.09508
01-15-24,1.09503
01-16-24,1.08756
01-17-24,1.08821
01-18-24,1.08763
01-19-24,1.08976
01-22-24,1.08826
01-23-24,1.08536
01-24-24,1.08842
01-25-24,1.08472
01-26-24,1.08546
01-29-24,1.08333
01-30-24,1.08456
01-31-24,1.08176
02-01-24,1.0872
02-02-24,1.0787
02-05-24,1.07419
02-06-24,1.07537
02-07-24,1.07734
02-08-24,1.07782
02-09-24,1.07854
02-12-24,1.07716
02-13-24,1.07094
02-14-24,1.07276
02-15-24,1.07726
02-16-24,1.07768
02-19-24,1.07792
02-20-24,1.08078
02-21-24,1.08196
02-22-24,1.08231
02-23-24,1.08206
02-26-24,1.08514
02-27-24,1.08452
02-28-24,1.08387
02-29-24,1.08048
03-01-24,1.08398
03-04-24,1.08556
03-05-24,1.08568
03-06-24,1.0899
03-07-24,1.09484
03-08-24,1.09388
03-11-24,1.09254
03-12-24,1.09265
03-13-24,1.09481
03-14-24,1.08835
03-15-24,1.08882
03-18-24,1.08726
03-19-24,1.08661
03-20-24,1.0922
03-21-24,1.08598
03-22-24,1.08077
03-25-24,1.08375
03-26-24,1.08312
03-27-24,1.08278
03-28-24,1.07876
03-29-24,1.07932
04-01-24,1.07431
04-02-24,1.07696
04-03-24,1.08361
04-04-24,1.08374
04-05-24,1.08376
04-08-24,1.08592
04-09-24,1.0857
04-10-24,1.07427
04-11-24,1.07262
04-12-24,1.06417
04-15-24,1.06248
04-16-24,1.06186
04-17-24,1.06728
04-18-24,1.06439
04-19-24,1.06564
04-22-24,1.06538
04-23-24,1.07024
04-24-24,1.06992
04-25-24,1.073
04-26-24,1.06932
04-29-24,1.072
04-30-24,1.06661
05-01-24,1.07132
05-02-24,1.07252
05-03-24,1.0763
05-06-24,1.07702
05-07-24,1.07548
05-08-24,1.07485
05-09-24,1.07818
05-10-24,1.07708
05-13-24,1.07899
05-14-24,1.08198
05-15-24,1.08838
05-16-24,1.08672
05-17-24,1.08697
05-20-24,1.08568
05-21-24,1.0854
05-22-24,1.08223
05-23-24,1.08156
05-24-24,1.08468
05-27-24,1.08582
05-28-24,1.08567
05-29-24,1.0801
05-30-24,1.08322
05-31-24,1.08486
06-03-24,1.09043
06-04-24,1.08792
06-05-24,1.08693
06-06-24,1.08898
06-07-24,1.08017
06-10-24,1.07658
06-11-24,1.07406
06-12-24,1.08092
06-13-24,1.07384
06-14-24,1.07028
06-17-24,1.07338
06-18-24,1.07392
06-19-24,1.07436
06-20-24,1.07026
06-21-24,1.06927
06-24-24,1.07338
06-25-24,1.07143
06-26-24,1.06801
06-27-24,1.07038
06-28-24,1.07131
07-01-24,1.07401
07-02-24,1.07454
07-03-24,1.07876
07-04-24,1.08119
07-05-24,1.08384
07-08-24,1.08242
07-09-24,1.08137
07-10-24,1.08302
07-11-24,1.08679
07-12-24,1.0907
07-15-24,1.08948
07-16-24,1.08986
07-17-24,1.09396
07-18-24,1.08964
07-19-24,1.08821
07-22-24,1.08908
07-23-24,1.08535
07-24-24,1.084
07-25-24,1.08452
07-26-24,1.08558
07-29-24,1.08212
07-30-24,1.0815
07-31-24,1.08264
08-01-24,1.07916
08-02-24,1.09111
08-05-24,1.09514
08-06-24,1.09314
08-07-24,1.09236
08-08-24,1.09188
08-09-24,1.09156
08-12-24,1.09322
08-13-24,1.09928
08-14-24,1.10124
08-15-24,1.09716
08-16-24,1.1028
08-19-24,1.10854
08-20-24,1.11297
08-21-24,1.115
08-22-24,1.11114
08-23-24,1.11927
08-26-24,1.1161
08-27-24,1.11844
08-28-24,1.11202
08-29-24,1.1078
08-30-24,1.1047
09-02-24,1.10728
09-03-24,1.10433
09-04-24,1.10832
09-05-24,1.11106
09-06-24,1.10856
09-09-24,1.10352
09-10-24,1.10194
09-11-24,1.1012
09-12-24,1.10748
09-13-24,1.10756
09-16-24,1.11326
09-17-24,1.1114
09-18-24,1.11177
09-19-24,1.11616
09-20-24,1.11636
09-23-24,1.11108
09-24-24,1.11797
09-25-24,1.1133
09-26-24,1.11766
09-27-24,1.1164
09-30-24,1.11348
10-01-24,1.10678
10-02-24,1.10452
10-03-24,1.10298
10-04-24,1.0975
10-07-24,1.09748
10-08-24,1.09807
10-09-24,1.094
10-10-24,1.0937
10-11-24,1.0937
10-14-24,1.09092
10-15-24,1.08914
10-16-24,1.08618
10-17-24,1.08308
10-18-24,1.08674
10-21-24,1.08146
10-22-24,1.07988
10-23-24,1.07823
10-24-24,1.08279
10-25-24,1.07962
10-28-24,1.08119
10-29-24,1.08184
10-30-24,1.08566
10-31-24,1.08834
11-01-24,1.08336
11-04-24,1.08769
11-05-24,1.09297
11-06-24,1.0729
11-07-24,1.08032
11-08-24,1.07186
11-11-24,1.0656
11-12-24,1.06238
11-13-24,1.05642
11-14-24,1.05299
11-15-24,1.054
11-18-24,1.05985
11-19-24,1.05962
11-20-24,1.05436
11-21-24,1.04746
11-22-24,1.04186
11-25-24,1.04966
11-26-24,1.04894
11-27-24,1.05667
11-28-24,1.0555
11-29-24,1.05778
12-02-24,1.04989
12-03-24,1.05097
12-04-24,1.05102
12-05-24,1.05877
12-06-24,1.05673
12-09-24,1.05538
12-10-24,1.05276
12-11-24,1.0496
12-12-24,1.04666
12-13-24,1.05025
12-16-24,1.05108
12-17-24,1.04916
12-18-24,1.03497
12-19-24,1.03634
12-20-24,1.04294
12-23-24,1.04064
12-24-24,1.03966
12-26-24,1.04228
12-27-24,1.04266
12-30-24,1.04068
12-31-24,1.03533
01-02-25,1.0267
01-03-25,1.0309
01-06-25,1.03901
01-07-25,1.03404
01-08-25,1.03188
01-09-25,1.02998
01-10-25,1.02442
01-13-25,1.02434
01-14-25,1.03082
01-15-25,1.02904
01-16-25,1.0302
01-17-25,1.02718
01-20-25,1.0417
01-21-25,1.0429
01-22-25,1.04102
01-23-25,1.04156
01-24-25,1.04953
01-27-25,1.04921
01-28-25,1.04307
01-29-25,1.042
01-30-25,1.03923
01-31-25,1.0361
02-03-25,1.03428
02-04-25,1.03788
02-05-25,1.04028
02-06-25,1.0383
02-07-25,1.0327
02-10-25,1.0307
02-11-25,1.03612
02-12-25,1.03824
02-13-25,1.04648
02-14-25,1.0492
02-17-25,1.04833
02-18-25,1.0446
02-19-25,1.04225
02-20-25,1.05014
02-21-25,1.04608
02-24-25,1.04682
02-25-25,1.05149
02-26-25,1.0485
02-27-25,1.03989
02-28-25,1.03754
03-03-25,1.04882
03-04-25,1.06258
03-05-25,1.07896
03-06-25,1.07854
03-07-25,1.08345
03-10-25,1.08362
03-11-25,1.09194
03-12-25,1.08875
03-13-25,1.08524
03-14-25,1.08789
03-17-25,1.09226
03-18-25,1.0944
03-19-25,1.09022
03-20-25,1.08534
03-21-25,1.08155
03-24-25,1.08012
03-25-25,1.07918
03-26-25,1.07528
03-27-25,1.0802
03-28-25,1.08308
03-31-25,1.08154
04-01-25,1.07926
04-02-25,1.08565
04-03-25,1.10512
04-04-25,1.09645
04-07-25,1.09066
04-08-25,1.09586
04-09-25,1.09484
04-10-25,1.12019
04-11-25,1.13599
04-14-25,1.13493
04-15-25,1.1282
04-16-25,1.13986
04-17-25,1.13646
04-18-25,1.1395
04-21-25,1.15127
04-22-25,1.14209
04-23-25,1.13151
04-24-25,1.13892
04-25-25,1.13636
04-28-25,1.1422
04-29-25,1.13846
04-30-25,1.13291
05-01-25,1.1291
05-02-25,1.13005
05-05-25,1.1315
05-06-25,1.13702
05-07-25,1.13023
05-08-25,1.1229
05-09-25,1.12486
05-12-25,1.10876
05-13-25,1.11848
05-14-25,1.1173
05-15-25,1.11863
05-16-25,1.11654
05-19-25,1.1242
05-20-25,1.12837
05-21-25,1.13312
05-22-25,1.12804
05-23-25,1.13649
05-26-25,1.13878
05-27-25,1.13282
05-28-25,1.12918
05-29-25,1.13666
05-30-25,1.13478
06-02-25,1.14435
06-03-25,1.13704
06-04-25,1.1418
06-05-25,1.14444
06-06-25,1.13966
06-09-25,1.14208
06-10-25,1.14262
06-11-25,1.1488
06-12-25,1.1585
06-13-25,1.1551
06-16-25,1.15609
06-17-25,1.14807
06-18-25,1.1481
06-19-25,1.14966
06-20-25,1.15222
06-23-25,1.15786
06-24-25,1.16084
06-25-25,1.16598
06-26-25,1.17016
06-27-25,1.17185
06-30-25,1.1788
07-01-25,1.18058
07-02-25,1.1799
07-03-25,1.17574
07-04-25,1.17774
07-07-25,1.17086
07-08-25,1.17256
07-09-25,1.17218
07-10-25,1.17006
07-11-25,1.16911
07-14-25,1.16656
07-15-25,1.16024
07-16-25,1.16417
07-17-25,1.15976
07-18-25,1.16255
07-21-25,1.16956
07-22-25,1.17544
07-23-25,1.1773
07-24-25,1.1749
07-25-25,1.17417
07-28-25,1.15887
07-29-25,1.15454
07-30-25,1.14055
07-31-25,1.14148
08-01-25,1.15874
08-04-25,1.15726
08-05-25,1.15752
08-06-25,1.16602
08-07-25,1.1664
08-08-25,1.16416
08-11-25,1.1616
08-12-25,1.16732
08-13-25,1.17049
08-14-25,1.16488
08-15-25,1.1705
08-18-25,1.16612
08-19-25,1.16465
08-20-25,1.165
08-21-25,1.16064
08-22-25,1.17219
08-25-25,1.16204
08-26-25,1.16408
08-27-25,1.16376
08-28-25,1.16825
08-29-25,1.16858
09-01-25,1.17114
09-02-25,1.16424
09-03-25,1.16612
09-04-25,1.16507
09-05-25,1.1718
09-08-25,1.17633
09-09-25,1.1711
09-10-25,1.16943
09-11-25,1.17354
09-12-25,1.17352
09-15-25,1.17609
09-16-25,1.18668
09-17-25,1.18126
09-18-25,1.17861
09-19-25,1.17472
09-22-25,1.18025
09-23-25,1.18148
09-24-25,1.1738
09-25-25,1.1666
09-26-25,1.17002
09-29-25,1.17267
09-30-25,1.17336
10-01-25,1.17312
10-02-25,1.17165
10-03-25,1.17429
10-06-25,1.17134
10-07-25,1.16585
10-08-25,1.1628
10-09-25,1.15648
10-10-25,1.15654