time,DFF
01-07-13,0.16
01-08-13,0.15
01-09-13,0.14
01-10-13,0.14
01-11-13,0.14
01-12-13,0.14
01-13-13,0.14
01-14-13,0.14
01-15-13,0.15
01-16-13,0.14
01-17-13,0.14
01-18-13,0.14
01-19-13,0.14
01-20-13,0.14
01-21-13,0.14
01-22-13,0.14
01-23-13,0.13
01-24-13,0.15
01-25-13,0.14
01-26-13,0.14
01-27-13,0.14
01-28-13,0.14
01-29-13,0.12
01-30-13,0.12
01-31-13,0.15
02-01-13,0.14
02-02-13,0.14
02-03-13,0.14
02-04-13,0.13
02-05-13,0.13
02-06-13,0.13
02-07-13,0.13
02-08-13,0.14
02-09-13,0.14
02-10-13,0.14
02-11-13,0.14
02-12-13,0.13
02-13-13,0.14
02-14-13,0.14
02-15-13,0.16
02-16-13,0.16
02-17-13,0.16
02-18-13,0.16
02-19-13,0.15
02-20-13,0.15
02-21-13,0.16
02-22-13,0.16
02-23-13,0.16
02-24-13,0.16
02-25-13,0.15
02-26-13,0.14
02-27-13,0.14
02-28-13,0.14
03-01-13,0.14
03-02-13,0.14
03-03-13,0.14
03-04-13,0.16
03-05-13,0.15
03-06-13,0.15
03-07-13,0.16
03-08-13,0.15
03-09-13,0.15
03-10-13,0.15
03-11-13,0.16
03-12-13,0.15
03-13-13,0.14
03-14-13,0.15
03-15-13,0.16
03-16-13,0.16
03-17-13,0.16
03-18-13,0.16
03-19-13,0.15
03-20-13,0.15
03-21-13,0.16
03-22-13,0.15
03-23-13,0.15
03-24-13,0.15
03-25-13,0.15
03-26-13,0.14
03-27-13,0.12
03-28-13,0.13
03-29-13,0.09
03-30-13,0.09
03-31-13,0.09
04-01-13,0.16
04-02-13,0.15
04-03-13,0.14
04-04-13,0.14
04-05-13,0.15
04-06-13,0.15
04-07-13,0.15
04-08-13,0.15
04-09-13,0.15
04-10-13,0.15
04-11-13,0.15
04-12-13,0.15
04-13-13,0.15
04-14-13,0.15
04-15-13,0.15
04-16-13,0.15
04-17-13,0.15
04-18-13,0.15
04-19-13,0.15
04-20-13,0.15
04-21-13,0.15
04-22-13,0.15
04-23-13,0.14
04-24-13,0.13
04-25-13,0.13
04-26-13,0.13
04-27-13,0.13
04-28-13,0.13
04-29-13,0.13
04-30-13,0.14
05-01-13,0.14
05-02-13,0.15
05-03-13,0.14
05-04-13,0.14
05-05-13,0.14
05-06-13,0.14
05-07-13,0.12
05-08-13,0.12
05-09-13,0.12
05-10-13,0.12
05-11-13,0.12
05-12-13,0.12
05-13-13,0.12
05-14-13,0.11
05-15-13,0.12
05-16-13,0.11
05-17-13,0.1
05-18-13,0.1
05-19-13,0.1
05-20-13,0.1
05-21-13,0.09
05-22-13,0.08
05-23-13,0.08
05-24-13,0.09
05-25-13,0.09
05-26-13,0.09
05-27-13,0.09
05-28-13,0.09
05-29-13,0.08
05-30-13,0.08
05-31-13,0.09
06-01-13,0.09
06-02-13,0.09
06-03-13,0.1
06-04-13,0.11
06-05-13,0.09
06-06-13,0.1
06-07-13,0.09
06-08-13,0.09
06-09-13,0.09
06-10-13,0.09
06-11-13,0.09
06-12-13,0.08
06-13-13,0.09
06-14-13,0.1
06-15-13,0.1
06-16-13,0.1
06-17-13,0.11
06-18-13,0.12
06-19-13,0.1
06-20-13,0.1
06-21-13,0.1
06-22-13,0.1
06-23-13,0.1
06-24-13,0.1
06-25-13,0.09
06-26-13,0.09
06-27-13,0.09
06-28-13,0.07
06-29-13,0.07
06-30-13,0.07
07-01-13,0.1
07-02-13,0.1
07-03-13,0.1
07-04-13,0.1
07-05-13,0.1
07-06-13,0.1
07-07-13,0.1
07-08-13,0.1
07-09-13,0.1
07-10-13,0.09
07-11-13,0.09
07-12-13,0.09
07-13-13,0.09
07-14-13,0.09
07-15-13,0.09
07-16-13,0.09
07-17-13,0.09
07-18-13,0.09
07-19-13,0.09
07-20-13,0.09
07-21-13,0.09
07-22-13,0.09
07-23-13,0.09
07-24-13,0.09
07-25-13,0.09
07-26-13,0.09
07-27-13,0.09
07-28-13,0.09
07-29-13,0.08
07-30-13,0.09
07-31-13,0.09
08-01-13,0.08
08-02-13,0.09
08-03-13,0.09
08-04-13,0.09
08-05-13,0.08
08-06-13,0.09
08-07-13,0.09
08-08-13,0.09
08-09-13,0.08
08-10-13,0.08
08-11-13,0.08
08-12-13,0.08
08-13-13,0.08
08-14-13,0.09
08-15-13,0.08
08-16-13,0.09
08-17-13,0.09
08-18-13,0.09
08-19-13,0.09
08-20-13,0.09
08-21-13,0.08
08-22-13,0.09
08-23-13,0.08
08-24-13,0.08
08-25-13,0.08
08-26-13,0.08
08-27-13,0.07
08-28-13,0.07
08-29-13,0.08
08-30-13,0.07
08-31-13,0.07
09-01-13,0.07
09-02-13,0.07
09-03-13,0.09
09-04-13,0.08
09-05-13,0.08
09-06-13,0.08
09-07-13,0.08
09-08-13,0.08
09-09-13,0.08
09-10-13,0.08
09-11-13,0.08
09-12-13,0.08
09-13-13,0.08
09-14-13,0.08
09-15-13,0.08
09-16-13,0.08
09-17-13,0.08
09-18-13,0.08
09-19-13,0.09
09-20-13,0.08
09-21-13,0.08
09-22-13,0.08
09-23-13,0.09
09-24-13,0.09
09-25-13,0.08
09-26-13,0.08
09-27-13,0.08
09-28-13,0.08
09-29-13,0.08
09-30-13,0.06
10-01-13,0.08
10-02-13,0.07
10-03-13,0.08
10-04-13,0.08
10-05-13,0.08
10-06-13,0.08
10-07-13,0.08
10-08-13,0.08
10-09-13,0.09
10-10-13,0.09
10-11-13,0.1
10-12-13,0.1
10-13-13,0.1
10-14-13,0.1
10-15-13,0.1
10-16-13,0.11
10-17-13,0.1
10-18-13,0.1
10-19-13,0.1
10-20-13,0.1
10-21-13,0.09
10-22-13,0.08
10-23-13,0.08
10-24-13,0.08
10-25-13,0.08
10-26-13,0.08
10-27-13,0.08
10-28-13,0.08
10-29-13,0.08
10-30-13,0.08
10-31-13,0.07
11-01-13,0.08
11-02-13,0.08
11-03-13,0.08
11-04-13,0.08
11-05-13,0.08
11-06-13,0.08
11-07-13,0.08
11-08-13,0.08
11-09-13,0.08
11-10-13,0.08
11-11-13,0.08
11-12-13,0.08
11-13-13,0.08
11-14-13,0.09
11-15-13,0.09
11-16-13,0.09
11-17-13,0.09
11-18-13,0.09
11-19-13,0.09
11-20-13,0.09
11-21-13,0.09
11-22-13,0.09
11-23-13,0.09
11-24-13,0.09
11-25-13,0.09
11-26-13,0.09
11-27-13,0.09
11-28-13,0.09
11-29-13,0.07
11-30-13,0.07
12-01-13,0.07
12-02-13,0.09
12-03-13,0.09
12-04-13,0.09
12-05-13,0.09
12-06-13,0.09
12-07-13,0.09
12-08-13,0.09
12-09-13,0.09
12-10-13,0.09
12-11-13,0.08
12-12-13,0.09
12-13-13,0.08
12-14-13,0.08
12-15-13,0.08
12-16-13,0.09
12-17-13,0.09
12-18-13,0.09
12-19-13,0.09
12-20-13,0.09
12-21-13,0.09
12-22-13,0.09
12-23-13,0.09
12-24-13,0.08
12-25-13,0.08
12-26-13,0.08
12-27-13,0.08
12-28-13,0.08
12-29-13,0.08
12-30-13,0.08
12-31-13,0.07
01-01-14,0.07
01-02-14,0.08
01-03-14,0.08
01-04-14,0.08
01-05-14,0.08
01-06-14,0.08
01-07-14,0.07
01-08-14,0.07
01-09-14,0.07
01-10-14,0.07
01-11-14,0.07
01-12-14,0.07
01-13-14,0.07
01-14-14,0.07
01-15-14,0.07
01-16-14,0.07
01-17-14,0.07
01-18-14,0.07
01-19-14,0.07
01-20-14,0.07
01-21-14,0.07
01-22-14,0.07
01-23-14,0.07
01-24-14,0.07
01-25-14,0.07
01-26-14,0.07
01-27-14,0.07
01-28-14,0.07
01-29-14,0.07
01-30-14,0.07
01-31-14,0.07
02-01-14,0.07
02-02-14,0.07
02-03-14,0.07
02-04-14,0.07
02-05-14,0.07
02-06-14,0.07
02-07-14,0.06
02-08-14,0.06
02-09-14,0.06
02-10-14,0.07
02-11-14,0.06
02-12-14,0.07
02-13-14,0.06
02-14-14,0.06
02-15-14,0.06
02-16-14,0.06
02-17-14,0.06
02-18-14,0.07
02-19-14,0.07
02-20-14,0.07
02-21-14,0.07
02-22-14,0.07
02-23-14,0.07
02-24-14,0.07
02-25-14,0.07
02-26-14,0.07
02-27-14,0.07
02-28-14,0.06
03-01-14,0.06
03-02-14,0.06
03-03-14,0.07
03-04-14,0.07
03-05-14,0.08
03-06-14,0.08
03-07-14,0.08
03-08-14,0.08
03-09-14,0.08
03-10-14,0.08
03-11-14,0.08
03-12-14,0.08
03-13-14,0.08
03-14-14,0.08
03-15-14,0.08
03-16-14,0.08
03-17-14,0.08
03-18-14,0.08
03-19-14,0.08
03-20-14,0.08
03-21-14,0.08
03-22-14,0.08
03-23-14,0.08
03-24-14,0.09
03-25-14,0.09
03-26-14,0.08
03-27-14,0.08
03-28-14,0.08
03-29-14,0.08
03-30-14,0.08
03-31-14,0.06
04-01-14,0.08
04-02-14,0.09
04-03-14,0.08
04-04-14,0.08
04-05-14,0.08
04-06-14,0.08
04-07-14,0.09
04-08-14,0.08
04-09-14,0.08
04-10-14,0.08
04-11-14,0.09
04-12-14,0.09
04-13-14,0.09
04-14-14,0.09
04-15-14,0.1
04-16-14,0.09
04-17-14,0.09
04-18-14,0.1
04-19-14,0.1
04-20-14,0.1
04-21-14,0.1
04-22-14,0.1
04-23-14,0.1
04-24-14,0.1
04-25-14,0.09
04-26-14,0.09
04-27-14,0.09
04-28-14,0.09
04-29-14,0.1
04-30-14,0.09
05-01-14,0.09
05-02-14,0.09
05-03-14,0.09
05-04-14,0.09
05-05-14,0.09
05-06-14,0.09
05-07-14,0.08
05-08-14,0.08
05-09-14,0.08
05-10-14,0.08
05-11-14,0.08
05-12-14,0.08
05-13-14,0.09
05-14-14,0.08
05-15-14,0.09
05-16-14,0.09
05-17-14,0.09
05-18-14,0.09
05-19-14,0.09
05-20-14,0.09
05-21-14,0.09
05-22-14,0.09
05-23-14,0.09
05-24-14,0.09
05-25-14,0.09
05-26-14,0.09
05-27-14,0.09
05-28-14,0.09
05-29-14,0.09
05-30-14,0.08
05-31-14,0.08
06-01-14,0.08
06-02-14,0.09
06-03-14,0.1
06-04-14,0.09
06-05-14,0.09
06-06-14,0.09
06-07-14,0.09
06-08-14,0.09
06-09-14,0.09
06-10-14,0.09
06-11-14,0.09
06-12-14,0.09
06-13-14,0.1
06-14-14,0.1
06-15-14,0.1
06-16-14,0.1
06-17-14,0.1
06-18-14,0.1
06-19-14,0.1
06-20-14,0.1
06-21-14,0.1
06-22-14,0.1
06-23-14,0.1
06-24-14,0.1
06-25-14,0.1
06-26-14,0.1
06-27-14,0.1
06-28-14,0.1
06-29-14,0.1
06-30-14,0.09
07-01-14,0.1
07-02-14,0.1
07-03-14,0.09
07-04-14,0.09
07-05-14,0.09
07-06-14,0.09
07-07-14,0.1
07-08-14,0.09
07-09-14,0.09
07-10-14,0.09
07-11-14,0.09
07-12-14,0.09
07-13-14,0.09
07-14-14,0.09
07-15-14,0.09
07-16-14,0.09
07-17-14,0.09
07-18-14,0.09
07-19-14,0.09
07-20-14,0.09
07-21-14,0.1
07-22-14,0.09
07-23-14,0.09
07-24-14,0.09
07-25-14,0.09
07-26-14,0.09
07-27-14,0.09
07-28-14,0.09
07-29-14,0.09
07-30-14,0.09
07-31-14,0.08
08-01-14,0.09
08-02-14,0.09
08-03-14,0.09
08-04-14,0.09
08-05-14,0.09
08-06-14,0.09
08-07-14,0.09
08-08-14,0.09
08-09-14,0.09
08-10-14,0.09
08-11-14,0.09
08-12-14,0.09
08-13-14,0.09
08-14-14,0.09
08-15-14,0.09
08-16-14,0.09
08-17-14,0.09
08-18-14,0.09
08-19-14,0.09
08-20-14,0.09
08-21-14,0.09
08-22-14,0.09
08-23-14,0.09
08-24-14,0.09
08-25-14,0.09
08-26-14,0.09
08-27-14,0.09
08-28-14,0.09
08-29-14,0.07
08-30-14,0.07
08-31-14,0.07
09-01-14,0.07
09-02-14,0.09
09-03-14,0.09
09-04-14,0.09
09-05-14,0.09
09-06-14,0.09
09-07-14,0.09
09-08-14,0.09
09-09-14,0.09
09-10-14,0.09
09-11-14,0.09
09-12-14,0.09
09-13-14,0.09
09-14-14,0.09
09-15-14,0.09
09-16-14,0.09
09-17-14,0.09
09-18-14,0.09
09-19-14,0.09
09-20-14,0.09
09-21-14,0.09
09-22-14,0.09
09-23-14,0.09
09-24-14,0.09
09-25-14,0.09
09-26-14,0.09
09-27-14,0.09
09-28-14,0.09
09-29-14,0.08
09-30-14,0.07
10-01-14,0.09
10-02-14,0.09
10-03-14,0.09
10-04-14,0.09
10-05-14,0.09
10-06-14,0.09
10-07-14,0.09
10-08-14,0.09
10-09-14,0.08
10-10-14,0.09
10-11-14,0.09
10-12-14,0.09
10-13-14,0.09
10-14-14,0.09
10-15-14,0.09
10-16-14,0.09
10-17-14,0.09
10-18-14,0.09
10-19-14,0.09
10-20-14,0.09
10-21-14,0.09
10-22-14,0.09
10-23-14,0.09
10-24-14,0.09
10-25-14,0.09
10-26-14,0.09
10-27-14,0.09
10-28-14,0.09
10-29-14,0.09
10-30-14,0.09
10-31-14,0.07
11-01-14,0.07
11-02-14,0.07
11-03-14,0.09
11-04-14,0.1
11-05-14,0.09
11-06-14,0.09
11-07-14,0.09
11-08-14,0.09
11-09-14,0.09
11-10-14,0.09
11-11-14,0.09
11-12-14,0.09
11-13-14,0.09
11-14-14,0.09
11-15-14,0.09
11-16-14,0.09
11-17-14,0.1
11-18-14,0.11
11-19-14,0.1
11-20-14,0.1
11-21-14,0.1
11-22-14,0.1
11-23-14,0.1
11-24-14,0.1
11-25-14,0.1
11-26-14,0.1
11-27-14,0.1
11-28-14,0.08
11-29-14,0.08
11-30-14,0.08
12-01-14,0.13
12-02-14,0.12
12-03-14,0.12
12-04-14,0.12
12-05-14,0.12
12-06-14,0.12
12-07-14,0.12
12-08-14,0.12
12-09-14,0.12
12-10-14,0.12
12-11-14,0.12
12-12-14,0.12
12-13-14,0.12
12-14-14,0.12
12-15-14,0.11
12-16-14,0.12
12-17-14,0.13
12-18-14,0.13
12-19-14,0.13
12-20-14,0.13
12-21-14,0.13
12-22-14,0.13
12-23-14,0.13
12-24-14,0.13
12-25-14,0.13
12-26-14,0.13
12-27-14,0.13
12-28-14,0.13
12-29-14,0.13
12-30-14,0.13
12-31-14,0.06
01-01-15,0.06
01-02-15,0.12
01-03-15,0.12
01-04-15,0.12
01-05-15,0.12
01-06-15,0.12
01-07-15,0.12
01-08-15,0.12
01-09-15,0.12
01-10-15,0.12
01-11-15,0.12
01-12-15,0.12
01-13-15,0.12
01-14-15,0.12
01-15-15,0.12
01-16-15,0.13
01-17-15,0.13
01-18-15,0.13
01-19-15,0.13
01-20-15,0.12
01-21-15,0.12
01-22-15,0.12
01-23-15,0.12
01-24-15,0.12
01-25-15,0.12
01-26-15,0.12
01-27-15,0.11
01-28-15,0.12
01-29-15,0.11
01-30-15,0.06
01-31-15,0.06
02-01-15,0.06
02-02-15,0.12
02-03-15,0.12
02-04-15,0.11
02-05-15,0.12
02-06-15,0.11
02-07-15,0.11
02-08-15,0.11
02-09-15,0.12
02-10-15,0.12
02-11-15,0.12
02-12-15,0.12
02-13-15,0.12
02-14-15,0.12
02-15-15,0.12
02-16-15,0.12
02-17-15,0.12
02-18-15,0.12
02-19-15,0.12
02-20-15,0.12
02-21-15,0.12
02-22-15,0.12
02-23-15,0.11
02-24-15,0.11
02-25-15,0.11
02-26-15,0.11
02-27-15,0.06
02-28-15,0.06
03-01-15,0.06
03-02-15,0.12
03-03-15,0.12
03-04-15,0.11
03-05-15,0.11
03-06-15,0.12
03-07-15,0.12
03-08-15,0.12
03-09-15,0.12
03-10-15,0.12
03-11-15,0.11
03-12-15,0.11
03-13-15,0.11
03-14-15,0.11
03-15-15,0.11
03-16-15,0.12
03-17-15,0.12
03-18-15,0.11
03-19-15,0.12
03-20-15,0.12
03-21-15,0.12
03-22-15,0.12
03-23-15,0.12
03-24-15,0.11
03-25-15,0.12
03-26-15,0.11
03-27-15,0.12
03-28-15,0.12
03-29-15,0.12
03-30-15,0.12
03-31-15,0.06
04-01-15,0.12
04-02-15,0.12
04-03-15,0.12
04-04-15,0.12
04-05-15,0.12
04-06-15,0.13
04-07-15,0.12
04-08-15,0.12
04-09-15,0.12
04-10-15,0.12
04-11-15,0.12
04-12-15,0.12
04-13-15,0.13
04-14-15,0.13
04-15-15,0.13
04-16-15,0.13
04-17-15,0.13
04-18-15,0.13
04-19-15,0.13
04-20-15,0.13
04-21-15,0.13
04-22-15,0.13
04-23-15,0.13
04-24-15,0.13
04-25-15,0.13
04-26-15,0.13
04-27-15,0.13
04-28-15,0.13
04-29-15,0.13
04-30-15,0.08
05-01-15,0.13
05-02-15,0.13
05-03-15,0.13
05-04-15,0.13
05-05-15,0.13
05-06-15,0.13
05-07-15,0.13
05-08-15,0.13
05-09-15,0.13
05-10-15,0.13
05-11-15,0.13
05-12-15,0.13
05-13-15,0.13
05-14-15,0.13
05-15-15,0.13
05-16-15,0.13
05-17-15,0.13
05-18-15,0.13
05-19-15,0.12
05-20-15,0.12
05-21-15,0.12
05-22-15,0.13
05-23-15,0.13
05-24-15,0.13
05-25-15,0.13
05-26-15,0.12
05-27-15,0.12
05-28-15,0.12
05-29-15,0.08
05-30-15,0.08
05-31-15,0.08
06-01-15,0.12
06-02-15,0.12
06-03-15,0.13
06-04-15,0.13
06-05-15,0.13
06-06-15,0.13
06-07-15,0.13
06-08-15,0.13
06-09-15,0.13
06-10-15,0.13
06-11-15,0.13
06-12-15,0.13
06-13-15,0.13
06-14-15,0.13
06-15-15,0.13
06-16-15,0.14
06-17-15,0.14
06-18-15,0.14
06-19-15,0.13
06-20-15,0.13
06-21-15,0.13
06-22-15,0.13
06-23-15,0.13
06-24-15,0.13
06-25-15,0.13
06-26-15,0.13
06-27-15,0.13
06-28-15,0.13
06-29-15,0.14
06-30-15,0.08
07-01-15,0.13
07-02-15,0.13
07-03-15,0.13
07-04-15,0.13
07-05-15,0.13
07-06-15,0.13
07-07-15,0.13
07-08-15,0.13
07-09-15,0.13
07-10-15,0.13
07-11-15,0.13
07-12-15,0.13
07-13-15,0.13
07-14-15,0.13
07-15-15,0.13
07-16-15,0.14
07-17-15,0.13
07-18-15,0.13
07-19-15,0.13
07-20-15,0.14
07-21-15,0.13
07-22-15,0.13
07-23-15,0.13
07-24-15,0.13
07-25-15,0.13
07-26-15,0.13
07-27-15,0.14
07-28-15,0.14
07-29-15,0.14
07-30-15,0.14
07-31-15,0.08
08-01-15,0.08
08-02-15,0.08
08-03-15,0.14
08-04-15,0.14
08-05-15,0.14
08-06-15,0.14
08-07-15,0.14
08-08-15,0.14
08-09-15,0.14
08-10-15,0.14
08-11-15,0.15
08-12-15,0.15
08-13-15,0.15
08-14-15,0.14
08-15-15,0.14
08-16-15,0.14
08-17-15,0.15
08-18-15,0.15
08-19-15,0.15
08-20-15,0.15
08-21-15,0.15
08-22-15,0.15
08-23-15,0.15
08-24-15,0.15
08-25-15,0.15
08-26-15,0.14
08-27-15,0.14
08-28-15,0.14
08-29-15,0.14
08-30-15,0.14
08-31-15,0.08
09-01-15,0.14
09-02-15,0.14
09-03-15,0.14
09-04-15,0.14
09-05-15,0.14
09-06-15,0.14
09-07-15,0.14
09-08-15,0.14
09-09-15,0.14
09-10-15,0.14
09-11-15,0.14
09-12-15,0.14
09-13-15,0.14
09-14-15,0.14
09-15-15,0.14
09-16-15,0.14
09-17-15,0.14
09-18-15,0.14
09-19-15,0.14
09-20-15,0.14
09-21-15,0.14
09-22-15,0.14
09-23-15,0.14
09-24-15,0.14
09-25-15,0.13
09-26-15,0.13
09-27-15,0.13
09-28-15,0.13
09-29-15,0.13
09-30-15,0.07
10-01-15,0.13
10-02-15,0.13
10-03-15,0.13
10-04-15,0.13
10-05-15,0.13
10-06-15,0.13
10-07-15,0.13
10-08-15,0.13
10-09-15,0.13
10-10-15,0.13
10-11-15,0.13
10-12-15,0.13
10-13-15,0.13
10-14-15,0.13
10-15-15,0.13
10-16-15,0.13
10-17-15,0.13
10-18-15,0.13
10-19-15,0.13
10-20-15,0.13
10-21-15,0.13
10-22-15,0.12
10-23-15,0.12
10-24-15,0.12
10-25-15,0.12
10-26-15,0.12
10-27-15,0.12
10-28-15,0.12
10-29-15,0.12
10-30-15,0.07
10-31-15,0.07
11-01-15,0.07
11-02-15,0.12
11-03-15,0.12
11-04-15,0.12
11-05-15,0.12
11-06-15,0.12
11-07-15,0.12
11-08-15,0.12
11-09-15,0.12
11-10-15,0.12
11-11-15,0.12
11-12-15,0.12
11-13-15,0.12
11-14-15,0.12
11-15-15,0.12
11-16-15,0.13
11-17-15,0.13
11-18-15,0.12
11-19-15,0.12
11-20-15,0.12
11-21-15,0.12
11-22-15,0.12
11-23-15,0.12
11-24-15,0.12
11-25-15,0.12
11-26-15,0.12
11-27-15,0.12
11-28-15,0.12
11-29-15,0.12
11-30-15,0.08
12-01-15,0.13
12-02-15,0.13
12-03-15,0.13
12-04-15,0.13
12-05-15,0.13
12-06-15,0.13
12-07-15,0.13
12-08-15,0.13
12-09-15,0.14
12-10-15,0.14
12-11-15,0.14
12-12-15,0.14
12-13-15,0.14
12-14-15,0.15
12-15-15,0.15
12-16-15,0.15
12-17-15,0.37
12-18-15,0.37
12-19-15,0.37
12-20-15,0.37
12-21-15,0.36
12-22-15,0.36
12-23-15,0.36
12-24-15,0.36
12-25-15,0.36
12-26-15,0.36
12-27-15,0.36
12-28-15,0.36
12-29-15,0.36
12-30-15,0.35
12-31-15,0.2
01-01-16,0.2
01-02-16,0.2
01-03-16,0.2
01-04-16,0.36
01-05-16,0.36
01-06-16,0.36
01-07-16,0.36
01-08-16,0.36
01-09-16,0.36
01-10-16,0.36
01-11-16,0.36
01-12-16,0.36
01-13-16,0.36
01-14-16,0.36
01-15-16,0.36
01-16-16,0.36
01-17-16,0.36
01-18-16,0.36
01-19-16,0.36
01-20-16,0.37
01-21-16,0.37
01-22-16,0.38
01-23-16,0.38
01-24-16,0.38
01-25-16,0.38
01-26-16,0.38
01-27-16,0.38
01-28-16,0.38
01-29-16,0.29
01-30-16,0.29
01-31-16,0.29
02-01-16,0.38
02-02-16,0.38
02-03-16,0.38
02-04-16,0.38
02-05-16,0.38
02-06-16,0.38
02-07-16,0.38
02-08-16,0.38
02-09-16,0.38
02-10-16,0.38
02-11-16,0.38
02-12-16,0.38
02-13-16,0.38
02-14-16,0.38
02-15-16,0.38
02-16-16,0.38
02-17-16,0.37
02-18-16,0.38
02-19-16,0.38
02-20-16,0.38
02-21-16,0.38
02-22-16,0.38
02-23-16,0.38
02-24-16,0.38
02-25-16,0.37
02-26-16,0.37
02-27-16,0.37
02-28-16,0.37
02-29-16,0.29
03-01-16,0.36
03-02-16,0.37
03-03-16,0.37
03-04-16,0.36
03-05-16,0.36
03-06-16,0.36
03-07-16,0.36
03-08-16,0.36
03-09-16,0.36
03-10-16,0.36
03-11-16,0.36
03-12-16,0.36
03-13-16,0.36
03-14-16,0.36
03-15-16,0.37
03-16-16,0.37
03-17-16,0.37
03-18-16,0.37
03-19-16,0.37
03-20-16,0.37
03-21-16,0.37
03-22-16,0.37
03-23-16,0.37
03-24-16,0.37
03-25-16,0.37
03-26-16,0.37
03-27-16,0.37
03-28-16,0.37
03-29-16,0.37
03-30-16,0.37
03-31-16,0.25
04-01-16,0.37
04-02-16,0.37
04-03-16,0.37
04-04-16,0.37
04-05-16,0.37
04-06-16,0.37
04-07-16,0.37
04-08-16,0.37
04-09-16,0.37
04-10-16,0.37
04-11-16,0.37
04-12-16,0.37
04-13-16,0.37
04-14-16,0.37
04-15-16,0.37
04-16-16,0.37
04-17-16,0.37
04-18-16,0.37
04-19-16,0.37
04-20-16,0.37
04-21-16,0.37
04-22-16,0.37
04-23-16,0.37
04-24-16,0.37
04-25-16,0.37
04-26-16,0.37
04-27-16,0.37
04-28-16,0.37
04-29-16,0.3
04-30-16,0.3
05-01-16,0.3
05-02-16,0.37
05-03-16,0.37
05-04-16,0.37
05-05-16,0.37
05-06-16,0.37
05-07-16,0.37
05-08-16,0.37
05-09-16,0.37
05-10-16,0.37
05-11-16,0.37
05-12-16,0.37
05-13-16,0.37
05-14-16,0.37
05-15-16,0.37
05-16-16,0.37
05-17-16,0.37
05-18-16,0.37
05-19-16,0.37
05-20-16,0.37
05-21-16,0.37
05-22-16,0.37
05-23-16,0.37
05-24-16,0.37
05-25-16,0.37
05-26-16,0.37
05-27-16,0.37
05-28-16,0.37
05-29-16,0.37
05-30-16,0.37
05-31-16,0.29
06-01-16,0.37
06-02-16,0.37
06-03-16,0.37
06-04-16,0.37
06-05-16,0.37
06-06-16,0.37
06-07-16,0.37
06-08-16,0.37
06-09-16,0.37
06-10-16,0.37
06-11-16,0.37
06-12-16,0.37
06-13-16,0.37
06-14-16,0.37
06-15-16,0.37
06-16-16,0.38
06-17-16,0.38
06-18-16,0.38
06-19-16,0.38
06-20-16,0.38
06-21-16,0.38
06-22-16,0.38
06-23-16,0.39
06-24-16,0.4
06-25-16,0.4
06-26-16,0.4
06-27-16,0.41
06-28-16,0.41
06-29-16,0.41
06-30-16,0.3
07-01-16,0.41
07-02-16,0.41
07-03-16,0.41
07-04-16,0.41
07-05-16,0.4
07-06-16,0.4
07-07-16,0.4
07-08-16,0.4
07-09-16,0.4
07-10-16,0.4
07-11-16,0.4
07-12-16,0.4
07-13-16,0.4
07-14-16,0.4
07-15-16,0.4
07-16-16,0.4
07-17-16,0.4
07-18-16,0.4
07-19-16,0.4
07-20-16,0.4
07-21-16,0.4
07-22-16,0.4
07-23-16,0.4
07-24-16,0.4
07-25-16,0.4
07-26-16,0.4
07-27-16,0.4
07-28-16,0.4
07-29-16,0.3
07-30-16,0.3
07-31-16,0.3
08-01-16,0.4
08-02-16,0.4
08-03-16,0.4
08-04-16,0.4
08-05-16,0.4
08-06-16,0.4
08-07-16,0.4
08-08-16,0.4
08-09-16,0.4
08-10-16,0.4
08-11-16,0.4
08-12-16,0.4
08-13-16,0.4
08-14-16,0.4
08-15-16,0.4
08-16-16,0.4
08-17-16,0.4
08-18-16,0.4
08-19-16,0.4
08-20-16,0.4
08-21-16,0.4
08-22-16,0.4
08-23-16,0.4
08-24-16,0.4
08-25-16,0.4
08-26-16,0.4
08-27-16,0.4
08-28-16,0.4
08-29-16,0.4
08-30-16,0.4
08-31-16,0.3
09-01-16,0.4
09-02-16,0.4
09-03-16,0.4
09-04-16,0.4
09-05-16,0.4
09-06-16,0.4
09-07-16,0.4
09-08-16,0.4
09-09-16,0.4
09-10-16,0.4
09-11-16,0.4
09-12-16,0.4
09-13-16,0.4
09-14-16,0.4
09-15-16,0.4
09-16-16,0.4
09-17-16,0.4
09-18-16,0.4
09-19-16,0.4
09-20-16,0.4
09-21-16,0.4
09-22-16,0.4
09-23-16,0.4
09-24-16,0.4
09-25-16,0.4
09-26-16,0.4
09-27-16,0.4
09-28-16,0.4
09-29-16,0.4
09-30-16,0.29
10-01-16,0.29
10-02-16,0.29
10-03-16,0.4
10-04-16,0.4
10-05-16,0.4
10-06-16,0.4
10-07-16,0.4
10-08-16,0.4
10-09-16,0.4
10-10-16,0.4
10-11-16,0.41
10-12-16,0.41
10-13-16,0.41
10-14-16,0.41
10-15-16,0.41
10-16-16,0.41
10-17-16,0.41
10-18-16,0.41
10-19-16,0.41
10-20-16,0.41
10-21-16,0.41
10-22-16,0.41
10-23-16,0.41
10-24-16,0.41
10-25-16,0.41
10-26-16,0.41
10-27-16,0.41
10-28-16,0.41
10-29-16,0.41
10-30-16,0.41
10-31-16,0.31
11-01-16,0.41
11-02-16,0.41
11-03-16,0.41
11-04-16,0.41
11-05-16,0.41
11-06-16,0.41
11-07-16,0.41
11-08-16,0.41
11-09-16,0.41
11-10-16,0.41
11-11-16,0.41
11-12-16,0.41
11-13-16,0.41
11-14-16,0.41
11-15-16,0.41
11-16-16,0.41
11-17-16,0.41
11-18-16,0.41
11-19-16,0.41
11-20-16,0.41
11-21-16,0.41
11-22-16,0.41
11-23-16,0.41
11-24-16,0.41
11-25-16,0.41
11-26-16,0.41
11-27-16,0.41
11-28-16,0.41
11-29-16,0.41
11-30-16,0.31
12-01-16,0.41
12-02-16,0.41
12-03-16,0.41
12-04-16,0.41
12-05-16,0.41
12-06-16,0.41
12-07-16,0.41
12-08-16,0.41
12-09-16,0.41
12-10-16,0.41
12-11-16,0.41
12-12-16,0.41
12-13-16,0.41
12-14-16,0.41
12-15-16,0.66
12-16-16,0.66
12-17-16,0.66
12-18-16,0.66
12-19-16,0.66
12-20-16,0.66
12-21-16,0.66
12-22-16,0.66
12-23-16,0.66
12-24-16,0.66
12-25-16,0.66
12-26-16,0.66
12-27-16,0.66
12-28-16,0.66
12-29-16,0.66
12-30-16,0.55
12-31-16,0.55
01-01-17,0.55
01-02-17,0.55
01-03-17,0.66
01-04-17,0.66
01-05-17,0.66
01-06-17,0.66
01-07-17,0.66
01-08-17,0.66
01-09-17,0.66
01-10-17,0.66
01-11-17,0.66
01-12-17,0.66
01-13-17,0.66
01-14-17,0.66
01-15-17,0.66
01-16-17,0.66
01-17-17,0.66
01-18-17,0.66
01-19-17,0.66
01-20-17,0.66
01-21-17,0.66
01-22-17,0.66
01-23-17,0.66
01-24-17,0.66
01-25-17,0.66
01-26-17,0.66
01-27-17,0.66
01-28-17,0.66
01-29-17,0.66
01-30-17,0.66
01-31-17,0.56
02-01-17,0.66
02-02-17,0.66
02-03-17,0.66
02-04-17,0.66
02-05-17,0.66
02-06-17,0.66
02-07-17,0.66
02-08-17,0.66
02-09-17,0.66
02-10-17,0.66
02-11-17,0.66
02-12-17,0.66
02-13-17,0.66
02-14-17,0.66
02-15-17,0.66
02-16-17,0.66
02-17-17,0.66
02-18-17,0.66
02-19-17,0.66
02-20-17,0.66
02-21-17,0.66
02-22-17,0.66
02-23-17,0.66
02-24-17,0.66
02-25-17,0.66
02-26-17,0.66
02-27-17,0.66
02-28-17,0.57
03-01-17,0.66
03-02-17,0.66
03-03-17,0.66
03-04-17,0.66
03-05-17,0.66
03-06-17,0.66
03-07-17,0.66
03-08-17,0.66
03-09-17,0.66
03-10-17,0.66
03-11-17,0.66
03-12-17,0.66
03-13-17,0.66
03-14-17,0.66
03-15-17,0.66
03-16-17,0.91
03-17-17,0.91
03-18-17,0.91
03-19-17,0.91
03-20-17,0.91
03-21-17,0.91
03-22-17,0.91
03-23-17,0.91
03-24-17,0.91
03-25-17,0.91
03-26-17,0.91
03-27-17,0.91
03-28-17,0.91
03-29-17,0.91
03-30-17,0.91
03-31-17,0.82
04-01-17,0.82
04-02-17,0.82
04-03-17,0.91
04-04-17,0.91
04-05-17,0.91
04-06-17,0.91
04-07-17,0.91
04-08-17,0.91
04-09-17,0.91
04-10-17,0.91
04-11-17,0.91
04-12-17,0.91
04-13-17,0.91
04-14-17,0.91
04-15-17,0.91
04-16-17,0.91
04-17-17,0.91
04-18-17,0.91
04-19-17,0.91
04-20-17,0.91
04-21-17,0.91
04-22-17,0.91
04-23-17,0.91
04-24-17,0.91
04-25-17,0.91
04-26-17,0.91
04-27-17,0.91
04-28-17,0.83
04-29-17,0.83
04-30-17,0.83
05-01-17,0.91
05-02-17,0.91
05-03-17,0.91
05-04-17,0.91
05-05-17,0.91
05-06-17,0.91
05-07-17,0.91
05-08-17,0.91
05-09-17,0.91
05-10-17,0.91
05-11-17,0.91
05-12-17,0.91
05-13-17,0.91
05-14-17,0.91
05-15-17,0.91
05-16-17,0.91
05-17-17,0.91
05-18-17,0.91
05-19-17,0.91
05-20-17,0.91
05-21-17,0.91
05-22-17,0.91
05-23-17,0.91
05-24-17,0.91
05-25-17,0.91
05-26-17,0.91
05-27-17,0.91
05-28-17,0.91
05-29-17,0.91
05-30-17,0.91
05-31-17,0.83
06-01-17,0.91
06-02-17,0.91
06-03-17,0.91
06-04-17,0.91
06-05-17,0.91
06-06-17,0.91
06-07-17,0.91
06-08-17,0.91
06-09-17,0.91
06-10-17,0.91
06-11-17,0.91
06-12-17,0.91
06-13-17,0.91
06-14-17,0.91
06-15-17,1.16
06-16-17,1.16
06-17-17,1.16
06-18-17,1.16
06-19-17,1.16
06-20-17,1.16
06-21-17,1.16
06-22-17,1.16
06-23-17,1.16
06-24-17,1.16
06-25-17,1.16
06-26-17,1.16
06-27-17,1.16
06-28-17,1.16
06-29-17,1.16
06-30-17,1.06
07-01-17,1.06
07-02-17,1.06
07-03-17,1.16
07-04-17,1.16
07-05-17,1.16
07-06-17,1.16
07-07-17,1.16
07-08-17,1.16
07-09-17,1.16
07-10-17,1.16
07-11-17,1.16
07-12-17,1.16
07-13-17,1.16
07-14-17,1.16
07-15-17,1.16
07-16-17,1.16
07-17-17,1.16
07-18-17,1.16
07-19-17,1.16
07-20-17,1.16
07-21-17,1.16
07-22-17,1.16
07-23-17,1.16
07-24-17,1.16
07-25-17,1.16
07-26-17,1.16
07-27-17,1.16
07-28-17,1.16
07-29-17,1.16
07-30-17,1.16
07-31-17,1.07
08-01-17,1.16
08-02-17,1.16
08-03-17,1.16
08-04-17,1.16
08-05-17,1.16
08-06-17,1.16
08-07-17,1.16
08-08-17,1.16
08-09-17,1.16
08-10-17,1.16
08-11-17,1.16
08-12-17,1.16
08-13-17,1.16
08-14-17,1.16
08-15-17,1.16
08-16-17,1.16
08-17-17,1.16
08-18-17,1.16
08-19-17,1.16
08-20-17,1.16
08-21-17,1.16
08-22-17,1.16
08-23-17,1.16
08-24-17,1.16
08-25-17,1.16
08-26-17,1.16
08-27-17,1.16
08-28-17,1.16
08-29-17,1.16
08-30-17,1.16
08-31-17,1.07
09-01-17,1.16
09-02-17,1.16
09-03-17,1.16
09-04-17,1.16
09-05-17,1.16
09-06-17,1.16
09-07-17,1.16
09-08-17,1.16
09-09-17,1.16
09-10-17,1.16
09-11-17,1.16
09-12-17,1.16
09-13-17,1.16
09-14-17,1.16
09-15-17,1.16
09-16-17,1.16
09-17-17,1.16
09-18-17,1.16
09-19-17,1.16
09-20-17,1.16
09-21-17,1.16
09-22-17,1.16
09-23-17,1.16
09-24-17,1.16
09-25-17,1.16
09-26-17,1.16
09-27-17,1.16
09-28-17,1.16
09-29-17,1.06
09-30-17,1.06
10-01-17,1.06
10-02-17,1.16
10-03-17,1.16
10-04-17,1.16
10-05-17,1.16
10-06-17,1.16
10-07-17,1.16
10-08-17,1.16
10-09-17,1.16
10-10-17,1.16
10-11-17,1.16
10-12-17,1.16
10-13-17,1.16
10-14-17,1.16
10-15-17,1.16
10-16-17,1.16
10-17-17,1.16
10-18-17,1.16
10-19-17,1.16
10-20-17,1.16
10-21-17,1.16
10-22-17,1.16
10-23-17,1.16
10-24-17,1.16
10-25-17,1.16
10-26-17,1.16
10-27-17,1.16
10-28-17,1.16
10-29-17,1.16
10-30-17,1.16
10-31-17,1.07
11-01-17,1.16
11-02-17,1.16
11-03-17,1.16
11-04-17,1.16
11-05-17,1.16
11-06-17,1.16
11-07-17,1.16
11-08-17,1.16
11-09-17,1.16
11-10-17,1.16
11-11-17,1.16
11-12-17,1.16
11-13-17,1.16
11-14-17,1.16
11-15-17,1.16
11-16-17,1.16
11-17-17,1.16
11-18-17,1.16
11-19-17,1.16
11-20-17,1.16
11-21-17,1.16
11-22-17,1.16
11-23-17,1.16
11-24-17,1.16
11-25-17,1.16
11-26-17,1.16
11-27-17,1.16
11-28-17,1.16
11-29-17,1.16
11-30-17,1.07
12-01-17,1.16
12-02-17,1.16
12-03-17,1.16
12-04-17,1.16
12-05-17,1.16
12-06-17,1.16
12-07-17,1.16
12-08-17,1.16
12-09-17,1.16
12-10-17,1.16
12-11-17,1.16
12-12-17,1.17
12-13-17,1.17
12-14-17,1.41
12-15-17,1.41
12-16-17,1.41
12-17-17,1.41
12-18-17,1.42
12-19-17,1.42
12-20-17,1.42
12-21-17,1.42
12-22-17,1.42
12-23-17,1.42
12-24-17,1.42
12-25-17,1.42
12-26-17,1.42
12-27-17,1.42
12-28-17,1.42
12-29-17,1.33
12-30-17,1.33
12-31-17,1.33
01-01-18,1.33
01-02-18,1.42
01-03-18,1.42
01-04-18,1.42
01-05-18,1.42
01-06-18,1.42
01-07-18,1.42
01-08-18,1.42
01-09-18,1.42
01-10-18,1.42
01-11-18,1.42
01-12-18,1.42
01-13-18,1.42
01-14-18,1.42
01-15-18,1.42
01-16-18,1.42
01-17-18,1.42
01-18-18,1.42
01-19-18,1.42
01-20-18,1.42
01-21-18,1.42
01-22-18,1.42
01-23-18,1.42
01-24-18,1.42
01-25-18,1.42
01-26-18,1.42
01-27-18,1.42
01-28-18,1.42
01-29-18,1.42
01-30-18,1.42
01-31-18,1.34
02-01-18,1.42
02-02-18,1.42
02-03-18,1.42
02-04-18,1.42
02-05-18,1.42
02-06-18,1.42
02-07-18,1.42
02-08-18,1.42
02-09-18,1.42
02-10-18,1.42
02-11-18,1.42
02-12-18,1.42
02-13-18,1.42
02-14-18,1.42
02-15-18,1.42
02-16-18,1.42
02-17-18,1.42
02-18-18,1.42
02-19-18,1.42
02-20-18,1.42
02-21-18,1.42
02-22-18,1.42
02-23-18,1.42
02-24-18,1.42
02-25-18,1.42
02-26-18,1.42
02-27-18,1.42
02-28-18,1.35
03-01-18,1.42
03-02-18,1.42
03-03-18,1.42
03-04-18,1.42
03-05-18,1.42
03-06-18,1.42
03-07-18,1.42
03-08-18,1.42
03-09-18,1.42
03-10-18,1.42
03-11-18,1.42
03-12-18,1.42
03-13-18,1.42
03-14-18,1.42
03-15-18,1.43
03-16-18,1.43
03-17-18,1.43
03-18-18,1.43
03-19-18,1.43
03-20-18,1.44
03-21-18,1.44
03-22-18,1.68
03-23-18,1.68
03-24-18,1.68
03-25-18,1.68
03-26-18,1.68
03-27-18,1.68
03-28-18,1.68
03-29-18,1.68
03-30-18,1.67
03-31-18,1.67
04-01-18,1.67
04-02-18,1.68
04-03-18,1.69
04-04-18,1.69
04-05-18,1.69
04-06-18,1.69
04-07-18,1.69
04-08-18,1.69
04-09-18,1.69
04-10-18,1.69
04-11-18,1.69
04-12-18,1.69
04-13-18,1.69
04-14-18,1.69
04-15-18,1.69
04-16-18,1.69
04-17-18,1.69
04-18-18,1.69
04-19-18,1.69
04-20-18,1.7
04-21-18,1.7
04-22-18,1.7
04-23-18,1.7
04-24-18,1.7
04-25-18,1.7
04-26-18,1.7
04-27-18,1.7
04-28-18,1.7
04-29-18,1.7
04-30-18,1.69
05-01-18,1.7
05-02-18,1.7
05-03-18,1.7
05-04-18,1.7
05-05-18,1.7
05-06-18,1.7
05-07-18,1.7
05-08-18,1.7
05-09-18,1.7
05-10-18,1.7
05-11-18,1.7
05-12-18,1.7
05-13-18,1.7
05-14-18,1.7
05-15-18,1.7
05-16-18,1.7
05-17-18,1.7
05-18-18,1.7
05-19-18,1.7
05-20-18,1.7
05-21-18,1.7
05-22-18,1.7
05-23-18,1.7
05-24-18,1.7
05-25-18,1.7
05-26-18,1.7
05-27-18,1.7
05-28-18,1.7
05-29-18,1.7
05-30-18,1.7
05-31-18,1.7
06-01-18,1.7
06-02-18,1.7
06-03-18,1.7
06-04-18,1.7
06-05-18,1.7
06-06-18,1.7
06-07-18,1.7
06-08-18,1.7
06-09-18,1.7
06-10-18,1.7
06-11-18,1.7
06-12-18,1.7
06-13-18,1.7
06-14-18,1.9
06-15-18,1.9
06-16-18,1.9
06-17-18,1.9
06-18-18,1.9
06-19-18,1.91
06-20-18,1.92
06-21-18,1.92
06-22-18,1.92
06-23-18,1.92
06-24-18,1.92
06-25-18,1.92
06-26-18,1.92
06-27-18,1.91
06-28-18,1.91
06-29-18,1.91
06-30-18,1.91
07-01-18,1.91
07-02-18,1.91
07-03-18,1.91
07-04-18,1.91
07-05-18,1.91
07-06-18,1.91
07-07-18,1.91
07-08-18,1.91
07-09-18,1.91
07-10-18,1.91
07-11-18,1.91
07-12-18,1.91
07-13-18,1.91
07-14-18,1.91
07-15-18,1.91
07-16-18,1.91
07-17-18,1.91
07-18-18,1.91
07-19-18,1.91
07-20-18,1.91
07-21-18,1.91
07-22-18,1.91
07-23-18,1.91
07-24-18,1.91
07-25-18,1.91
07-26-18,1.91
07-27-18,1.91
07-28-18,1.91
07-29-18,1.91
07-30-18,1.91
07-31-18,1.91
08-01-18,1.91
08-02-18,1.91
08-03-18,1.91
08-04-18,1.91
08-05-18,1.91
08-06-18,1.91
08-07-18,1.91
08-08-18,1.91
08-09-18,1.91
08-10-18,1.91
08-11-18,1.91
08-12-18,1.91
08-13-18,1.91
08-14-18,1.91
08-15-18,1.91
08-16-18,1.92
08-17-18,1.92
08-18-18,1.92
08-19-18,1.92
08-20-18,1.92
08-21-18,1.92
08-22-18,1.92
08-23-18,1.92
08-24-18,1.92
08-25-18,1.92
08-26-18,1.92
08-27-18,1.92
08-28-18,1.92
08-29-18,1.92
08-30-18,1.92
08-31-18,1.91
09-01-18,1.91
09-02-18,1.91
09-03-18,1.91
09-04-18,1.92
09-05-18,1.92
09-06-18,1.92
09-07-18,1.92
09-08-18,1.92
09-09-18,1.92
09-10-18,1.92
09-11-18,1.92
09-12-18,1.92
09-13-18,1.92
09-14-18,1.92
09-15-18,1.92
09-16-18,1.92
09-17-18,1.92
09-18-18,1.92
09-19-18,1.92
09-20-18,1.92
09-21-18,1.92
09-22-18,1.92
09-23-18,1.92
09-24-18,1.93
09-25-18,1.93
09-26-18,1.93
09-27-18,2.18
09-28-18,2.18
09-29-18,2.18
09-30-18,2.18
10-01-18,2.18
10-02-18,2.18
10-03-18,2.18
10-04-18,2.18
10-05-18,2.18
10-06-18,2.18
10-07-18,2.18
10-08-18,2.18
10-09-18,2.18
10-10-18,2.18
10-11-18,2.18
10-12-18,2.18
10-13-18,2.18
10-14-18,2.18
10-15-18,2.18
10-16-18,2.18
10-17-18,2.19
10-18-18,2.19
10-19-18,2.19
10-20-18,2.19
10-21-18,2.19
10-22-18,2.19
10-23-18,2.2
10-24-18,2.2
10-25-18,2.2
10-26-18,2.2
10-27-18,2.2
10-28-18,2.2
10-29-18,2.2
10-30-18,2.2
10-31-18,2.2
11-01-18,2.2
11-02-18,2.19
11-03-18,2.19
11-04-18,2.19
11-05-18,2.2
11-06-18,2.2
11-07-18,2.2
11-08-18,2.2
11-09-18,2.19
11-10-18,2.19
11-11-18,2.19
11-12-18,2.19
11-13-18,2.2
11-14-18,2.2
11-15-18,2.2
11-16-18,2.2
11-17-18,2.2
11-18-18,2.2
11-19-18,2.2
11-20-18,2.2
11-21-18,2.2
11-22-18,2.2
11-23-18,2.2
11-24-18,2.2
11-25-18,2.2
11-26-18,2.2
11-27-18,2.2
11-28-18,2.2
11-29-18,2.2
11-30-18,2.2
12-01-18,2.2
12-02-18,2.2
12-03-18,2.19
12-04-18,2.2
12-05-18,2.2
12-06-18,2.2
12-07-18,2.19
12-08-18,2.19
12-09-18,2.19
12-10-18,2.2
12-11-18,2.19
12-12-18,2.19
12-13-18,2.19
12-14-18,2.19
12-15-18,2.19
12-16-18,2.19
12-17-18,2.2
12-18-18,2.2
12-19-18,2.2
12-20-18,2.4
12-21-18,2.4
12-22-18,2.4
12-23-18,2.4
12-24-18,2.4
12-25-18,2.4
12-26-18,2.4
12-27-18,2.4
12-28-18,2.4
12-29-18,2.4
12-30-18,2.4
12-31-18,2.4
01-01-19,2.4
01-02-19,2.4
01-03-19,2.4
01-04-19,2.4
01-05-19,2.4
01-06-19,2.4
01-07-19,2.4
01-08-19,2.4
01-09-19,2.4
01-10-19,2.4
01-11-19,2.4
01-12-19,2.4
01-13-19,2.4
01-14-19,2.4
01-15-19,2.4
01-16-19,2.4
01-17-19,2.4
01-18-19,2.4
01-19-19,2.4
01-20-19,2.4
01-21-19,2.4
01-22-19,2.4
01-23-19,2.4
01-24-19,2.4
01-25-19,2.4
01-26-19,2.4
01-27-19,2.4
01-28-19,2.4
01-29-19,2.4
01-30-19,2.4
01-31-19,2.4
02-01-19,2.4
02-02-19,2.4
02-03-19,2.4
02-04-19,2.4
02-05-19,2.4
02-06-19,2.4
02-07-19,2.4
02-08-19,2.4
02-09-19,2.4
02-10-19,2.4
02-11-19,2.4
02-12-19,2.4
02-13-19,2.4
02-14-19,2.4
02-15-19,2.4
02-16-19,2.4
02-17-19,2.4
02-18-19,2.4
02-19-19,2.4
02-20-19,2.4
02-21-19,2.4
02-22-19,2.4
02-23-19,2.4
02-24-19,2.4
02-25-19,2.4
02-26-19,2.4
02-27-19,2.4
02-28-19,2.4
03-01-19,2.4
03-02-19,2.4
03-03-19,2.4
03-04-19,2.4
03-05-19,2.4
03-06-19,2.4
03-07-19,2.4
03-08-19,2.4
03-09-19,2.4
03-10-19,2.4
03-11-19,2.4
03-12-19,2.4
03-13-19,2.4
03-14-19,2.4
03-15-19,2.4
03-16-19,2.4
03-17-19,2.4
03-18-19,2.4
03-19-19,2.4
03-20-19,2.41
03-21-19,2.41
03-22-19,2.41
03-23-19,2.41
03-24-19,2.41
03-25-19,2.4
03-26-19,2.4
03-27-19,2.41
03-28-19,2.41
03-29-19,2.43
03-30-19,2.43
03-31-19,2.43
04-01-19,2.41
04-02-19,2.41
04-03-19,2.41
04-04-19,2.41
04-05-19,2.41
04-06-19,2.41
04-07-19,2.41
04-08-19,2.41
04-09-19,2.41
04-10-19,2.41
04-11-19,2.41
04-12-19,2.41
04-13-19,2.41
04-14-19,2.41
04-15-19,2.41
04-16-19,2.41
04-17-19,2.42
04-18-19,2.43
04-19-19,2.44
04-20-19,2.44
04-21-19,2.44
04-22-19,2.44
04-23-19,2.44
04-24-19,2.44
04-25-19,2.44
04-26-19,2.44
04-27-19,2.44
04-28-19,2.44
04-29-19,2.45
04-30-19,2.45
05-01-19,2.45
05-02-19,2.41
05-03-19,2.4
05-04-19,2.4
05-05-19,2.4
05-06-19,2.4
05-07-19,2.4
05-08-19,2.39
05-09-19,2.38
05-10-19,2.38
05-11-19,2.38
05-12-19,2.38
05-13-19,2.38
05-14-19,2.38
05-15-19,2.4
05-16-19,2.39
05-17-19,2.39
05-18-19,2.39
05-19-19,2.39
05-20-19,2.39
05-21-19,2.39
05-22-19,2.38
05-23-19,2.38
05-24-19,2.38
05-25-19,2.38
05-26-19,2.38
05-27-19,2.38
05-28-19,2.39
05-29-19,2.39
05-30-19,2.39
05-31-19,2.4
06-01-19,2.4
06-02-19,2.4
06-03-19,2.38
06-04-19,2.38
06-05-19,2.38
06-06-19,2.37
06-07-19,2.37
06-08-19,2.37
06-09-19,2.37
06-10-19,2.37
06-11-19,2.37
06-12-19,2.37
06-13-19,2.37
06-14-19,2.36
06-15-19,2.36
06-16-19,2.36
06-17-19,2.38
06-18-19,2.37
06-19-19,2.37
06-20-19,2.37
06-21-19,2.38
06-22-19,2.38
06-23-19,2.38
06-24-19,2.38
06-25-19,2.38
06-26-19,2.38
06-27-19,2.38
06-28-19,2.4
06-29-19,2.4
06-30-19,2.4
07-01-19,2.39
07-02-19,2.4
07-03-19,2.41
07-04-19,2.41
07-05-19,2.42
07-06-19,2.42
07-07-19,2.42
07-08-19,2.41
07-09-19,2.41
07-10-19,2.41
07-11-19,2.4
07-12-19,2.38
07-13-19,2.38
07-14-19,2.38
07-15-19,2.4
07-16-19,2.41
07-17-19,2.41
07-18-19,2.41
07-19-19,2.41
07-20-19,2.41
07-21-19,2.41
07-22-19,2.4
07-23-19,2.4
07-24-19,2.4
07-25-19,2.4
07-26-19,2.4
07-27-19,2.4
07-28-19,2.4
07-29-19,2.4
07-30-19,2.39
07-31-19,2.4
08-01-19,2.14
08-02-19,2.14
08-03-19,2.14
08-04-19,2.14
08-05-19,2.13
08-06-19,2.13
08-07-19,2.12
08-08-19,2.12
08-09-19,2.12
08-10-19,2.12
08-11-19,2.12
08-12-19,2.12
08-13-19,2.12
08-14-19,2.12
08-15-19,2.13
08-16-19,2.13
08-17-19,2.13
08-18-19,2.13
08-19-19,2.13
08-20-19,2.13
08-21-19,2.12
08-22-19,2.12
08-23-19,2.12
08-24-19,2.12
08-25-19,2.12
08-26-19,2.12
08-27-19,2.12
08-28-19,2.12
08-29-19,2.12
08-30-19,2.13
08-31-19,2.13
09-01-19,2.13
09-02-19,2.13
09-03-19,2.13
09-04-19,2.13
09-05-19,2.13
09-06-19,2.12
09-07-19,2.12
09-08-19,2.12
09-09-19,2.13
09-10-19,2.13
09-11-19,2.13
09-12-19,2.13
09-13-19,2.14
09-14-19,2.14
09-15-19,2.14
09-16-19,2.25
09-17-19,2.3
09-18-19,2.25
09-19-19,1.9
09-20-19,1.9
09-21-19,1.9
09-22-19,1.9
09-23-19,1.9
09-24-19,1.9
09-25-19,1.9
09-26-19,1.85
09-27-19,1.83
09-28-19,1.83
09-29-19,1.83
09-30-19,1.9
10-01-19,1.88
10-02-19,1.85
10-03-19,1.83
10-04-19,1.82
10-05-19,1.82
10-06-19,1.82
10-07-19,1.82
10-08-19,1.82
10-09-19,1.82
10-10-19,1.82
10-11-19,1.82
10-12-19,1.82
10-13-19,1.82
10-14-19,1.82
10-15-19,1.9
10-16-19,1.9
10-17-19,1.85
10-18-19,1.85
10-19-19,1.85
10-20-19,1.85
10-21-19,1.85
10-22-19,1.85
10-23-19,1.85
10-24-19,1.85
10-25-19,1.83
10-26-19,1.83
10-27-19,1.83
10-28-19,1.83
10-29-19,1.82
10-30-19,1.82
10-31-19,1.58
11-01-19,1.57
11-02-19,1.57
11-03-19,1.57
11-04-19,1.56
11-05-19,1.56
11-06-19,1.55
11-07-19,1.55
11-08-19,1.55
11-09-19,1.55
11-10-19,1.55
11-11-19,1.55
11-12-19,1.55
11-13-19,1.55
11-14-19,1.55
11-15-19,1.55
11-16-19,1.55
11-17-19,1.55
11-18-19,1.55
11-19-19,1.55
11-20-19,1.55
11-21-19,1.55
11-22-19,1.55
11-23-19,1.55
11-24-19,1.55
11-25-19,1.55
11-26-19,1.55
11-27-19,1.55
11-28-19,1.55
11-29-19,1.56
11-30-19,1.56
12-01-19,1.56
12-02-19,1.56
12-03-19,1.55
12-04-19,1.55
12-05-19,1.55
12-06-19,1.55
12-07-19,1.55
12-08-19,1.55
12-09-19,1.55
12-10-19,1.55
12-11-19,1.55
12-12-19,1.55
12-13-19,1.55
12-14-19,1.55
12-15-19,1.55
12-16-19,1.56
12-17-19,1.55
12-18-19,1.55
12-19-19,1.55
12-20-19,1.55
12-21-19,1.55
12-22-19,1.55
12-23-19,1.55
12-24-19,1.55
12-25-19,1.55
12-26-19,1.55
12-27-19,1.55
12-28-19,1.55
12-29-19,1.55
12-30-19,1.55
12-31-19,1.55
01-01-20,1.55
01-02-20,1.55
01-03-20,1.55
01-04-20,1.55
01-05-20,1.55
01-06-20,1.55
01-07-20,1.55
01-08-20,1.55
01-09-20,1.55
01-10-20,1.54
01-11-20,1.54
01-12-20,1.54
01-13-20,1.54
01-14-20,1.54
01-15-20,1.54
01-16-20,1.54
01-17-20,1.55
01-18-20,1.55
01-19-20,1.55
01-20-20,1.55
01-21-20,1.55
01-22-20,1.55
01-23-20,1.55
01-24-20,1.55
01-25-20,1.55
01-26-20,1.55
01-27-20,1.55
01-28-20,1.55
01-29-20,1.55
01-30-20,1.6
01-31-20,1.59
02-01-20,1.59
02-02-20,1.59
02-03-20,1.59
02-04-20,1.59
02-05-20,1.59
02-06-20,1.59
02-07-20,1.58
02-08-20,1.58
02-09-20,1.58
02-10-20,1.58
02-11-20,1.58
02-12-20,1.58
02-13-20,1.58
02-14-20,1.58
02-15-20,1.58
02-16-20,1.58
02-17-20,1.58
02-18-20,1.59
02-19-20,1.59
02-20-20,1.59
02-21-20,1.58
02-22-20,1.58
02-23-20,1.58
02-24-20,1.58
02-25-20,1.58
02-26-20,1.58
02-27-20,1.58
02-28-20,1.58
02-29-20,1.58
03-01-20,1.58
03-02-20,1.59
03-03-20,1.59
03-04-20,1.09
03-05-20,1.09
03-06-20,1.09
03-07-20,1.09
03-08-20,1.09
03-09-20,1.09
03-10-20,1.09
03-11-20,1.09
03-12-20,1.1
03-13-20,1.1
03-14-20,1.1
03-15-20,1.1
03-16-20,0.25
03-17-20,0.25
03-18-20,0.25
03-19-20,0.2
03-20-20,0.15
03-21-20,0.15
03-22-20,0.15
03-23-20,0.15
03-24-20,0.12
03-25-20,0.1
03-26-20,0.1
03-27-20,0.1
03-28-20,0.1
03-29-20,0.1
03-30-20,0.09
03-31-20,0.08
04-01-20,0.06
04-02-20,0.05
04-03-20,0.05
04-04-20,0.05
04-05-20,0.05
04-06-20,0.05
04-07-20,0.05
04-08-20,0.05
04-09-20,0.05
04-10-20,0.05
04-11-20,0.05
04-12-20,0.05
04-13-20,0.05
04-14-20,0.05
04-15-20,0.05
04-16-20,0.05
04-17-20,0.05
04-18-20,0.05
04-19-20,0.05
04-20-20,0.05
04-21-20,0.05
04-22-20,0.05
04-23-20,0.04
04-24-20,0.05
04-25-20,0.05
04-26-20,0.05
04-27-20,0.04
04-28-20,0.04
04-29-20,0.04
04-30-20,0.05
05-01-20,0.05
05-02-20,0.05
05-03-20,0.05
05-04-20,0.05
05-05-20,0.05
05-06-20,0.05
05-07-20,0.05
05-08-20,0.05
05-09-20,0.05
05-10-20,0.05
05-11-20,0.05
05-12-20,0.05
05-13-20,0.05
05-14-20,0.05
05-15-20,0.05
05-16-20,0.05
05-17-20,0.05
05-18-20,0.05
05-19-20,0.05
05-20-20,0.05
05-21-20,0.05
05-22-20,0.05
05-23-20,0.05
05-24-20,0.05
05-25-20,0.05
05-26-20,0.05
05-27-20,0.05
05-28-20,0.05
05-29-20,0.05
05-30-20,0.05
05-31-20,0.05
06-01-20,0.05
06-02-20,0.06
06-03-20,0.06
06-04-20,0.06
06-05-20,0.07
06-06-20,0.07
06-07-20,0.07
06-08-20,0.07
06-09-20,0.07
06-10-20,0.08
06-11-20,0.08
06-12-20,0.08
06-13-20,0.08
06-14-20,0.08
06-15-20,0.09
06-16-20,0.09
06-17-20,0.09
06-18-20,0.09
06-19-20,0.09
06-20-20,0.09
06-21-20,0.09
06-22-20,0.08
06-23-20,0.08
06-24-20,0.08
06-25-20,0.08
06-26-20,0.08
06-27-20,0.08
06-28-20,0.08
06-29-20,0.08
06-30-20,0.08
07-01-20,0.08
07-02-20,0.09
07-03-20,0.09
07-04-20,0.09
07-05-20,0.09
07-06-20,0.09
07-07-20,0.09
07-08-20,0.09
07-09-20,0.09
07-10-20,0.09
07-11-20,0.09
07-12-20,0.09
07-13-20,0.09
07-14-20,0.09
07-15-20,0.1
07-16-20,0.1
07-17-20,0.09
07-18-20,0.09
07-19-20,0.09
07-20-20,0.1
07-21-20,0.1
07-22-20,0.09
07-23-20,0.09
07-24-20,0.09
07-25-20,0.09
07-26-20,0.09
07-27-20,0.1
07-28-20,0.1
07-29-20,0.1
07-30-20,0.1
07-31-20,0.1
08-01-20,0.1
08-02-20,0.1
08-03-20,0.1
08-04-20,0.1
08-05-20,0.1
08-06-20,0.1
08-07-20,0.1
08-08-20,0.1
08-09-20,0.1
08-10-20,0.1
08-11-20,0.1
08-12-20,0.1
08-13-20,0.1
08-14-20,0.1
08-15-20,0.1
08-16-20,0.1
08-17-20,0.1
08-18-20,0.09
08-19-20,0.09
08-20-20,0.09
08-21-20,0.09
08-22-20,0.09
08-23-20,0.09
08-24-20,0.09
08-25-20,0.09
08-26-20,0.09
08-27-20,0.08
08-28-20,0.09
08-29-20,0.09
08-30-20,0.09
08-31-20,0.09
09-01-20,0.09
09-02-20,0.09
09-03-20,0.09
09-04-20,0.09
09-05-20,0.09
09-06-20,0.09
09-07-20,0.09
09-08-20,0.09
09-09-20,0.09
09-10-20,0.09
09-11-20,0.09
09-12-20,0.09
09-13-20,0.09
09-14-20,0.09
09-15-20,0.09
09-16-20,0.09
09-17-20,0.09
09-18-20,0.09
09-19-20,0.09
09-20-20,0.09
09-21-20,0.09
09-22-20,0.09
09-23-20,0.09
09-24-20,0.09
09-25-20,0.09
09-26-20,0.09
09-27-20,0.09
09-28-20,0.09
09-29-20,0.09
09-30-20,0.09
10-01-20,0.09
10-02-20,0.09
10-03-20,0.09
10-04-20,0.09
10-05-20,0.09
10-06-20,0.09
10-07-20,0.09
10-08-20,0.09
10-09-20,0.09
10-10-20,0.09
10-11-20,0.09
10-12-20,0.09
10-13-20,0.09
10-14-20,0.09
10-15-20,0.09
10-16-20,0.09
10-17-20,0.09
10-18-20,0.09
10-19-20,0.09
10-20-20,0.09
10-21-20,0.09
10-22-20,0.09
10-23-20,0.09
10-24-20,0.09
10-25-20,0.09
10-26-20,0.09
10-27-20,0.09
10-28-20,0.09
10-29-20,0.09
10-30-20,0.09
10-31-20,0.09
11-01-20,0.09
11-02-20,0.09
11-03-20,0.09
11-04-20,0.09
11-05-20,0.09
11-06-20,0.09
11-07-20,0.09
11-08-20,0.09
11-09-20,0.09
11-10-20,0.09
11-11-20,0.09
11-12-20,0.09
11-13-20,0.09
11-14-20,0.09
11-15-20,0.09
11-16-20,0.09
11-17-20,0.09
11-18-20,0.09
11-19-20,0.08
11-20-20,0.08
11-21-20,0.08
11-22-20,0.08
11-23-20,0.08
11-24-20,0.08
11-25-20,0.08
11-26-20,0.08
11-27-20,0.08
11-28-20,0.08
11-29-20,0.08
11-30-20,0.09
12-01-20,0.09
12-02-20,0.09
12-03-20,0.09
12-04-20,0.09
12-05-20,0.09
12-06-20,0.09
12-07-20,0.09
12-08-20,0.09
12-09-20,0.09
12-10-20,0.09
12-11-20,0.09
12-12-20,0.09
12-13-20,0.09
12-14-20,0.09
12-15-20,0.09
12-16-20,0.09
12-17-20,0.09
12-18-20,0.09
12-19-20,0.09
12-20-20,0.09
12-21-20,0.09
12-22-20,0.09
12-23-20,0.09
12-24-20,0.09
12-25-20,0.09
12-26-20,0.09
12-27-20,0.09
12-28-20,0.09
12-29-20,0.09
12-30-20,0.09
12-31-20,0.09
01-01-21,0.09
01-02-21,0.09
01-03-21,0.09
01-04-21,0.09
01-05-21,0.09
01-06-21,0.09
01-07-21,0.09
01-08-21,0.09
01-09-21,0.09
01-10-21,0.09
01-11-21,0.09
01-12-21,0.09
01-13-21,0.09
01-14-21,0.09
01-15-21,0.09
01-16-21,0.09
01-17-21,0.09
01-18-21,0.09
01-19-21,0.09
01-20-21,0.09
01-21-21,0.08
01-22-21,0.08
01-23-21,0.08
01-24-21,0.08
01-25-21,0.08
01-26-21,0.08
01-27-21,0.08
01-28-21,0.07
01-29-21,0.07
01-30-21,0.07
01-31-21,0.07
02-01-21,0.08
02-02-21,0.08
02-03-21,0.08
02-04-21,0.08
02-05-21,0.08
02-06-21,0.08
02-07-21,0.08
02-08-21,0.07
02-09-21,0.08
02-10-21,0.08
02-11-21,0.08
02-12-21,0.08
02-13-21,0.08
02-14-21,0.08
02-15-21,0.08
02-16-21,0.08
02-17-21,0.08
02-18-21,0.07
02-19-21,0.07
02-20-21,0.07
02-21-21,0.07
02-22-21,0.07
02-23-21,0.07
02-24-21,0.07
02-25-21,0.07
02-26-21,0.07
02-27-21,0.07
02-28-21,0.07
03-01-21,0.07
03-02-21,0.07
03-03-21,0.07
03-04-21,0.07
03-05-21,0.07
03-06-21,0.07
03-07-21,0.07
03-08-21,0.07
03-09-21,0.07
03-10-21,0.07
03-11-21,0.07
03-12-21,0.07
03-13-21,0.07
03-14-21,0.07
03-15-21,0.07
03-16-21,0.07
03-17-21,0.07
03-18-21,0.07
03-19-21,0.07
03-20-21,0.07
03-21-21,0.07
03-22-21,0.07
03-23-21,0.07
03-24-21,0.07
03-25-21,0.07
03-26-21,0.07
03-27-21,0.07
03-28-21,0.07
03-29-21,0.07
03-30-21,0.07
03-31-21,0.06
04-01-21,0.07
04-02-21,0.07
04-03-21,0.07
04-04-21,0.07
04-05-21,0.07
04-06-21,0.07
04-07-21,0.07
04-08-21,0.07
04-09-21,0.07
04-10-21,0.07
04-11-21,0.07
04-12-21,0.07
04-13-21,0.07
04-14-21,0.07
04-15-21,0.07
04-16-21,0.07
04-17-21,0.07
04-18-21,0.07
04-19-21,0.07
04-20-21,0.07
04-21-21,0.07
04-22-21,0.07
04-23-21,0.07
04-24-21,0.07
04-25-21,0.07
04-26-21,0.07
04-27-21,0.07
04-28-21,0.07
04-29-21,0.06
04-30-21,0.05
05-01-21,0.05
05-02-21,0.05
05-03-21,0.06
05-04-21,0.06
05-05-21,0.06
05-06-21,0.06
05-07-21,0.06
05-08-21,0.06
05-09-21,0.06
05-10-21,0.06
05-11-21,0.06
05-12-21,0.06
05-13-21,0.06
05-14-21,0.06
05-15-21,0.06
05-16-21,0.06
05-17-21,0.06
05-18-21,0.06
05-19-21,0.06
05-20-21,0.06
05-21-21,0.06
05-22-21,0.06
05-23-21,0.06
05-24-21,0.06
05-25-21,0.06
05-26-21,0.06
05-27-21,0.06
05-28-21,0.05
05-29-21,0.05
05-30-21,0.05
05-31-21,0.05
06-01-21,0.06
06-02-21,0.06
06-03-21,0.06
06-04-21,0.06
06-05-21,0.06
06-06-21,0.06
06-07-21,0.06
06-08-21,0.06
06-09-21,0.06
06-10-21,0.06
06-11-21,0.06
06-12-21,0.06
06-13-21,0.06
06-14-21,0.06
06-15-21,0.06
06-16-21,0.06
06-17-21,0.1
06-18-21,0.1
06-19-21,0.1
06-20-21,0.1
06-21-21,0.1
06-22-21,0.1
06-23-21,0.1
06-24-21,0.1
06-25-21,0.1
06-26-21,0.1
06-27-21,0.1
06-28-21,0.1
06-29-21,0.1
06-30-21,0.08
07-01-21,0.1
07-02-21,0.1
07-03-21,0.1
07-04-21,0.1
07-05-21,0.1
07-06-21,0.1
07-07-21,0.1
07-08-21,0.1
07-09-21,0.1
07-10-21,0.1
07-11-21,0.1
07-12-21,0.1
07-13-21,0.1
07-14-21,0.1
07-15-21,0.1
07-16-21,0.1
07-17-21,0.1
07-18-21,0.1
07-19-21,0.1
07-20-21,0.1
07-21-21,0.1
07-22-21,0.1
07-23-21,0.1
07-24-21,0.1
07-25-21,0.1
07-26-21,0.1
07-27-21,0.1
07-28-21,0.1
07-29-21,0.1
07-30-21,0.07
07-31-21,0.07
08-01-21,0.07
08-02-21,0.1
08-03-21,0.1
08-04-21,0.1
08-05-21,0.1
08-06-21,0.1
08-07-21,0.1
08-08-21,0.1
08-09-21,0.1
08-10-21,0.1
08-11-21,0.1
08-12-21,0.1
08-13-21,0.1
08-14-21,0.1
08-15-21,0.1
08-16-21,0.1
08-17-21,0.1
08-18-21,0.09
08-19-21,0.09
08-20-21,0.09
08-21-21,0.09
08-22-21,0.09
08-23-21,0.09
08-24-21,0.09
08-25-21,0.09
08-26-21,0.09
08-27-21,0.08
08-28-21,0.08
08-29-21,0.08
08-30-21,0.08
08-31-21,0.06
09-01-21,0.08
09-02-21,0.08
09-03-21,0.08
09-04-21,0.08
09-05-21,0.08
09-06-21,0.08
09-07-21,0.08
09-08-21,0.08
09-09-21,0.08
09-10-21,0.08
09-11-21,0.08
09-12-21,0.08
09-13-21,0.08
09-14-21,0.08
09-15-21,0.08
09-16-21,0.08
09-17-21,0.08
09-18-21,0.08
09-19-21,0.08
09-20-21,0.08
09-21-21,0.08
09-22-21,0.08
09-23-21,0.08
09-24-21,0.08
09-25-21,0.08
09-26-21,0.08
09-27-21,0.08
09-28-21,0.08
09-29-21,0.08
09-30-21,0.06
10-01-21,0.08
10-02-21,0.08
10-03-21,0.08
10-04-21,0.08
10-05-21,0.08
10-06-21,0.08
10-07-21,0.08
10-08-21,0.08
10-09-21,0.08
10-10-21,0.08
10-11-21,0.08
10-12-21,0.08
10-13-21,0.08
10-14-21,0.08
10-15-21,0.08
10-16-21,0.08
10-17-21,0.08
10-18-21,0.08
10-19-21,0.08
10-20-21,0.08
10-21-21,0.08
10-22-21,0.08
10-23-21,0.08
10-24-21,0.08
10-25-21,0.08
10-26-21,0.08
10-27-21,0.08
10-28-21,0.08
10-29-21,0.07
10-30-21,0.07
10-31-21,0.07
11-01-21,0.08
11-02-21,0.08
11-03-21,0.08
11-04-21,0.08
11-05-21,0.08
11-06-21,0.08
11-07-21,0.08
11-08-21,0.08
11-09-21,0.08
11-10-21,0.08
11-11-21,0.08
11-12-21,0.08
11-13-21,0.08
11-14-21,0.08
11-15-21,0.08
11-16-21,0.08
11-17-21,0.08
11-18-21,0.08
11-19-21,0.08
11-20-21,0.08
11-21-21,0.08
11-22-21,0.08
11-23-21,0.08
11-24-21,0.08
11-25-21,0.08
11-26-21,0.08
11-27-21,0.08
11-28-21,0.08
11-29-21,0.08
11-30-21,0.07
12-01-21,0.08
12-02-21,0.08
12-03-21,0.08
12-04-21,0.08
12-05-21,0.08
12-06-21,0.08
12-07-21,0.08
12-08-21,0.08
12-09-21,0.08
12-10-21,0.08
12-11-21,0.08
12-12-21,0.08
12-13-21,0.08
12-14-21,0.08
12-15-21,0.08
12-16-21,0.08
12-17-21,0.08
12-18-21,0.08
12-19-21,0.08
12-20-21,0.08
12-21-21,0.08
12-22-21,0.08
12-23-21,0.08
12-24-21,0.08
12-25-21,0.08
12-26-21,0.08
12-27-21,0.08
12-28-21,0.08
12-29-21,0.08
12-30-21,0.08
12-31-21,0.07
01-01-22,0.07
01-02-22,0.07
01-03-22,0.08
01-04-22,0.08
01-05-22,0.08
01-06-22,0.08
01-07-22,0.08
01-08-22,0.08
01-09-22,0.08
01-10-22,0.08
01-11-22,0.08
01-12-22,0.08
01-13-22,0.08
01-14-22,0.08
01-15-22,0.08
01-16-22,0.08
01-17-22,0.08
01-18-22,0.08
01-19-22,0.08
01-20-22,0.08
01-21-22,0.08
01-22-22,0.08
01-23-22,0.08
01-24-22,0.08
01-25-22,0.08
01-26-22,0.08
01-27-22,0.08
01-28-22,0.08
01-29-22,0.08
01-30-22,0.08
01-31-22,0.08
02-01-22,0.08
02-02-22,0.08
02-03-22,0.08
02-04-22,0.08
02-05-22,0.08
02-06-22,0.08
02-07-22,0.08
02-08-22,0.08
02-09-22,0.08
02-10-22,0.08
02-11-22,0.08
02-12-22,0.08
02-13-22,0.08
02-14-22,0.08
02-15-22,0.08
02-16-22,0.08
02-17-22,0.08
02-18-22,0.08
02-19-22,0.08
02-20-22,0.08
02-21-22,0.08
02-22-22,0.08
02-23-22,0.08
02-24-22,0.08
02-25-22,0.08
02-26-22,0.08
02-27-22,0.08
02-28-22,0.08
03-01-22,0.08
03-02-22,0.08
03-03-22,0.08
03-04-22,0.08
03-05-22,0.08
03-06-22,0.08
03-07-22,0.08
03-08-22,0.08
03-09-22,0.08
03-10-22,0.08
03-11-22,0.08
03-12-22,0.08
03-13-22,0.08
03-14-22,0.08
03-15-22,0.08
03-16-22,0.08
03-17-22,0.33
03-18-22,0.33
03-19-22,0.33
03-20-22,0.33
03-21-22,0.33
03-22-22,0.33
03-23-22,0.33
03-24-22,0.33
03-25-22,0.33
03-26-22,0.33
03-27-22,0.33
03-28-22,0.33
03-29-22,0.33
03-30-22,0.33
03-31-22,0.33
04-01-22,0.33
04-02-22,0.33
04-03-22,0.33
04-04-22,0.33
04-05-22,0.33
04-06-22,0.33
04-07-22,0.33
04-08-22,0.33
04-09-22,0.33
04-10-22,0.33
04-11-22,0.33
04-12-22,0.33
04-13-22,0.33
04-14-22,0.33
04-15-22,0.33
04-16-22,0.33
04-17-22,0.33
04-18-22,0.33
04-19-22,0.33
04-20-22,0.33
04-21-22,0.33
04-22-22,0.33
04-23-22,0.33
04-24-22,0.33
04-25-22,0.33
04-26-22,0.33
04-27-22,0.33
04-28-22,0.33
04-29-22,0.33
04-30-22,0.33
05-01-22,0.33
05-02-22,0.33
05-03-22,0.33
05-04-22,0.33
05-05-22,0.83
05-06-22,0.83
05-07-22,0.83
05-08-22,0.83
05-09-22,0.83
05-10-22,0.83
05-11-22,0.83
05-12-22,0.83
05-13-22,0.83
05-14-22,0.83
05-15-22,0.83
05-16-22,0.83
05-17-22,0.83
05-18-22,0.83
05-19-22,0.83
05-20-22,0.83
05-21-22,0.83
05-22-22,0.83
05-23-22,0.83
05-24-22,0.83
05-25-22,0.83
05-26-22,0.83
05-27-22,0.83
05-28-22,0.83
05-29-22,0.83
05-30-22,0.83
05-31-22,0.83
06-01-22,0.83
06-02-22,0.83
06-03-22,0.83
06-04-22,0.83
06-05-22,0.83
06-06-22,0.83
06-07-22,0.83
06-08-22,0.83
06-09-22,0.83
06-10-22,0.83
06-11-22,0.83
06-12-22,0.83
06-13-22,0.83
06-14-22,0.83
06-15-22,0.83
06-16-22,1.58
06-17-22,1.58
06-18-22,1.58
06-19-22,1.58
06-20-22,1.58
06-21-22,1.58
06-22-22,1.58
06-23-22,1.58
06-24-22,1.58
06-25-22,1.58
06-26-22,1.58
06-27-22,1.58
06-28-22,1.58
06-29-22,1.58
06-30-22,1.58
07-01-22,1.58
07-02-22,1.58
07-03-22,1.58
07-04-22,1.58
07-05-22,1.58
07-06-22,1.58
07-07-22,1.58
07-08-22,1.58
07-09-22,1.58
07-10-22,1.58
07-11-22,1.58
07-12-22,1.58
07-13-22,1.58
07-14-22,1.58
07-15-22,1.58
07-16-22,1.58
07-17-22,1.58
07-18-22,1.58
07-19-22,1.58
07-20-22,1.58
07-21-22,1.58
07-22-22,1.58
07-23-22,1.58
07-24-22,1.58
07-25-22,1.58
07-26-22,1.58
07-27-22,1.58
07-28-22,2.33
07-29-22,2.32
07-30-22,2.32
07-31-22,2.32
08-01-22,2.33
08-02-22,2.33
08-03-22,2.33
08-04-22,2.33
08-05-22,2.33
08-06-22,2.33
08-07-22,2.33
08-08-22,2.33
08-09-22,2.33
08-10-22,2.33
08-11-22,2.33
08-12-22,2.33
08-13-22,2.33
08-14-22,2.33
08-15-22,2.33
08-16-22,2.33
08-17-22,2.33
08-18-22,2.33
08-19-22,2.33
08-20-22,2.33
08-21-22,2.33
08-22-22,2.33
08-23-22,2.33
08-24-22,2.33
08-25-22,2.33
08-26-22,2.33
08-27-22,2.33
08-28-22,2.33
08-29-22,2.33
08-30-22,2.33
08-31-22,2.33
09-01-22,2.33
09-02-22,2.33
09-03-22,2.33
09-04-22,2.33
09-05-22,2.33
09-06-22,2.33
09-07-22,2.33
09-08-22,2.33
09-09-22,2.33
09-10-22,2.33
09-11-22,2.33
09-12-22,2.33
09-13-22,2.33
09-14-22,2.33
09-15-22,2.33
09-16-22,2.33
09-17-22,2.33
09-18-22,2.33
09-19-22,2.33
09-20-22,2.33
09-21-22,2.33
09-22-22,3.08
09-23-22,3.08
09-24-22,3.08
09-25-22,3.08
09-26-22,3.08
09-27-22,3.08
09-28-22,3.08
09-29-22,3.08
09-30-22,3.08
10-01-22,3.08
10-02-22,3.08
10-03-22,3.08
10-04-22,3.08
10-05-22,3.08
10-06-22,3.08
10-07-22,3.08
10-08-22,3.08
10-09-22,3.08
10-10-22,3.08
10-11-22,3.08
10-12-22,3.08
10-13-22,3.08
10-14-22,3.08
10-15-22,3.08
10-16-22,3.08
10-17-22,3.08
10-18-22,3.08
10-19-22,3.08
10-20-22,3.08
10-21-22,3.08
10-22-22,3.08
10-23-22,3.08
10-24-22,3.08
10-25-22,3.08
10-26-22,3.08
10-27-22,3.08
10-28-22,3.08
10-29-22,3.08
10-30-22,3.08
10-31-22,3.08
11-01-22,3.08
11-02-22,3.08
11-03-22,3.83
11-04-22,3.83
11-05-22,3.83
11-06-22,3.83
11-07-22,3.83
11-08-22,3.83
11-09-22,3.83
11-10-22,3.83
11-11-22,3.83
11-12-22,3.83
11-13-22,3.83
11-14-22,3.83
11-15-22,3.83
11-16-22,3.83
11-17-22,3.83
11-18-22,3.83
11-19-22,3.83
11-20-22,3.83
11-21-22,3.83
11-22-22,3.83
11-23-22,3.83
11-24-22,3.83
11-25-22,3.83
11-26-22,3.83
11-27-22,3.83
11-28-22,3.83
11-29-22,3.83
11-30-22,3.83
12-01-22,3.83
12-02-22,3.83
12-03-22,3.83
12-04-22,3.83
12-05-22,3.83
12-06-22,3.83
12-07-22,3.83
12-08-22,3.83
12-09-22,3.83
12-10-22,3.83
12-11-22,3.83
12-12-22,3.83
12-13-22,3.83
12-14-22,3.83
12-15-22,4.33
12-16-22,4.33
12-17-22,4.33
12-18-22,4.33
12-19-22,4.33
12-20-22,4.33
12-21-22,4.33
12-22-22,4.33
12-23-22,4.33
12-24-22,4.33
12-25-22,4.33
12-26-22,4.33
12-27-22,4.33
12-28-22,4.33
12-29-22,4.33
12-30-22,4.33
12-31-22,4.33
01-01-23,4.33
01-02-23,4.33
01-03-23,4.33
01-04-23,4.33
01-05-23,4.33
01-06-23,4.33
01-07-23,4.33
01-08-23,4.33
01-09-23,4.33
01-10-23,4.33
01-11-23,4.33
01-12-23,4.33
01-13-23,4.33
01-14-23,4.33
01-15-23,4.33
01-16-23,4.33
01-17-23,4.33
01-18-23,4.33
01-19-23,4.33
01-20-23,4.33
01-21-23,4.33
01-22-23,4.33
01-23-23,4.33
01-24-23,4.33
01-25-23,4.33
01-26-23,4.33
01-27-23,4.33
01-28-23,4.33
01-29-23,4.33
01-30-23,4.33
01-31-23,4.33
02-01-23,4.33
02-02-23,4.58
02-03-23,4.58
02-04-23,4.58
02-05-23,4.58
02-06-23,4.58
02-07-23,4.58
02-08-23,4.58
02-09-23,4.57
02-10-23,4.58
02-11-23,4.58
02-12-23,4.58
02-13-23,4.58
02-14-23,4.58
02-15-23,4.58
02-16-23,4.58
02-17-23,4.58
02-18-23,4.58
02-19-23,4.58
02-20-23,4.58
02-21-23,4.58
02-22-23,4.58
02-23-23,4.58
02-24-23,4.58
02-25-23,4.58
02-26-23,4.58
02-27-23,4.57
02-28-23,4.57
03-01-23,4.58
03-02-23,4.57
03-03-23,4.57
03-04-23,4.57
03-05-23,4.57
03-06-23,4.57
03-07-23,4.57
03-08-23,4.57
03-09-23,4.57
03-10-23,4.57
03-11-23,4.57
03-12-23,4.57
03-13-23,4.58
03-14-23,4.58
03-15-23,4.58
03-16-23,4.58
03-17-23,4.58
03-18-23,4.58
03-19-23,4.58
03-20-23,4.58
03-21-23,4.58
03-22-23,4.58
03-23-23,4.83
03-24-23,4.83
03-25-23,4.83
03-26-23,4.83
03-27-23,4.83
03-28-23,4.83
03-29-23,4.83
03-30-23,4.83
03-31-23,4.83
04-01-23,4.83
04-02-23,4.83
04-03-23,4.83
04-04-23,4.83
04-05-23,4.83
04-06-23,4.83
04-07-23,4.83
04-08-23,4.83
04-09-23,4.83
04-10-23,4.83
04-11-23,4.83
04-12-23,4.83
04-13-23,4.83
04-14-23,4.83
04-15-23,4.83
04-16-23,4.83
04-17-23,4.83
04-18-23,4.83
04-19-23,4.83
04-20-23,4.83
04-21-23,4.83
04-22-23,4.83
04-23-23,4.83
04-24-23,4.83
04-25-23,4.83
04-26-23,4.83
04-27-23,4.83
04-28-23,4.83
04-29-23,4.83
04-30-23,4.83
05-01-23,4.83
05-02-23,4.83
05-03-23,4.83
05-04-23,5.08
05-05-23,5.08
05-06-23,5.08
05-07-23,5.08
05-08-23,5.08
05-09-23,5.08
05-10-23,5.08
05-11-23,5.08
05-12-23,5.08
05-13-23,5.08
05-14-23,5.08
05-15-23,5.08
05-16-23,5.08
05-17-23,5.08
05-18-23,5.08
05-19-23,5.08
05-20-23,5.08
05-21-23,5.08
05-22-23,5.08
05-23-23,5.08
05-24-23,5.08
05-25-23,5.08
05-26-23,5.08
05-27-23,5.08
05-28-23,5.08
05-29-23,5.08
05-30-23,5.08
05-31-23,5.08
06-01-23,5.08
06-02-23,5.08
06-03-23,5.08
06-04-23,5.08
06-05-23,5.08
06-06-23,5.08
06-07-23,5.08
06-08-23,5.08
06-09-23,5.08
06-10-23,5.08
06-11-23,5.08
06-12-23,5.08
06-13-23,5.08
06-14-23,5.08
06-15-23,5.07
06-16-23,5.08
06-17-23,5.08
06-18-23,5.08
06-19-23,5.08
06-20-23,5.07
06-21-23,5.07
06-22-23,5.07
06-23-23,5.07
06-24-23,5.07
06-25-23,5.07
06-26-23,5.07
06-27-23,5.07
06-28-23,5.07
06-29-23,5.07
06-30-23,5.08
07-01-23,5.08
07-02-23,5.08
07-03-23,5.08
07-04-23,5.08
07-05-23,5.08
07-06-23,5.08
07-07-23,5.08
07-08-23,5.08
07-09-23,5.08
07-10-23,5.07
07-11-23,5.08
07-12-23,5.08
07-13-23,5.08
07-14-23,5.08
07-15-23,5.08
07-16-23,5.08
07-17-23,5.08
07-18-23,5.08
07-19-23,5.08
07-20-23,5.08
07-21-23,5.08
07-22-23,5.08
07-23-23,5.08
07-24-23,5.08
07-25-23,5.08
07-26-23,5.08
07-27-23,5.33
07-28-23,5.33
07-29-23,5.33
07-30-23,5.33
07-31-23,5.33
08-01-23,5.33
08-02-23,5.33
08-03-23,5.33
08-04-23,5.33
08-05-23,5.33
08-06-23,5.33
08-07-23,5.33
08-08-23,5.33
08-09-23,5.33
08-10-23,5.33
08-11-23,5.33
08-12-23,5.33
08-13-23,5.33
08-14-23,5.33
08-15-23,5.33
08-16-23,5.33
08-17-23,5.33
08-18-23,5.33
08-19-23,5.33
08-20-23,5.33
08-21-23,5.33
08-22-23,5.33
08-23-23,5.33
08-24-23,5.33
08-25-23,5.33
08-26-23,5.33
08-27-23,5.33
08-28-23,5.33
08-29-23,5.33
08-30-23,5.33
08-31-23,5.33
09-01-23,5.33
09-02-23,5.33
09-03-23,5.33
09-04-23,5.33
09-05-23,5.33
09-06-23,5.33
09-07-23,5.33
09-08-23,5.33
09-09-23,5.33
09-10-23,5.33
09-11-23,5.33
09-12-23,5.33
09-13-23,5.33
09-14-23,5.33
09-15-23,5.33
09-16-23,5.33
09-17-23,5.33
09-18-23,5.33
09-19-23,5.33
09-20-23,5.33
09-21-23,5.33
09-22-23,5.33
09-23-23,5.33
09-24-23,5.33
09-25-23,5.33
09-26-23,5.33
09-27-23,5.33
09-28-23,5.33
09-29-23,5.33
09-30-23,5.33
10-01-23,5.33
10-02-23,5.33
10-03-23,5.33
10-04-23,5.33
10-05-23,5.33
10-06-23,5.33
10-07-23,5.33
10-08-23,5.33
10-09-23,5.33
10-10-23,5.33
10-11-23,5.33
10-12-23,5.33
10-13-23,5.33
10-14-23,5.33
10-15-23,5.33
10-16-23,5.33
10-17-23,5.33
10-18-23,5.33
10-19-23,5.33
10-20-23,5.33
10-21-23,5.33
10-22-23,5.33
10-23-23,5.33
10-24-23,5.33
10-25-23,5.33
10-26-23,5.33
10-27-23,5.33
10-28-23,5.33
10-29-23,5.33
10-30-23,5.33
10-31-23,5.33
11-01-23,5.33
11-02-23,5.33
11-03-23,5.33
11-04-23,5.33
11-05-23,5.33
11-06-23,5.33
11-07-23,5.33
11-08-23,5.33
11-09-23,5.33
11-10-23,5.33
11-11-23,5.33
11-12-23,5.33
11-13-23,5.33
11-14-23,5.33
11-15-23,5.33
11-16-23,5.33
11-17-23,5.33
11-18-23,5.33
11-19-23,5.33
11-20-23,5.33
11-21-23,5.33
11-22-23,5.33
11-23-23,5.33
11-24-23,5.33
11-25-23,5.33
11-26-23,5.33
11-27-23,5.33
11-28-23,5.33
11-29-23,5.33
11-30-23,5.33
12-01-23,5.33
12-02-23,5.33
12-03-23,5.33
12-04-23,5.33
12-05-23,5.33
12-06-23,5.33
12-07-23,5.33
12-08-23,5.33
12-09-23,5.33
12-10-23,5.33
12-11-23,5.33
12-12-23,5.33
12-13-23,5.33
12-14-23,5.33
12-15-23,5.33
12-16-23,5.33
12-17-23,5.33
12-18-23,5.33
12-19-23,5.33
12-20-23,5.33
12-21-23,5.33
12-22-23,5.33
12-23-23,5.33
12-24-23,5.33
12-25-23,5.33
12-26-23,5.33
12-27-23,5.33
12-28-23,5.33
12-29-23,5.33
12-30-23,5.33
12-31-23,5.33
01-01-24,5.33
01-02-24,5.33
01-03-24,5.33
01-04-24,5.33
01-05-24,5.33
01-06-24,5.33
01-07-24,5.33
01-08-24,5.33
01-09-24,5.33
01-10-24,5.33
01-11-24,5.33
01-12-24,5.33
01-13-24,5.33
01-14-24,5.33
01-15-24,5.33
01-16-24,5.33
01-17-24,5.33
01-18-24,5.33
01-19-24,5.33
01-20-24,5.33
01-21-24,5.33
01-22-24,5.33
01-23-24,5.33
01-24-24,5.33
01-25-24,5.33
01-26-24,5.33
01-27-24,5.33
01-28-24,5.33
01-29-24,5.33
01-30-24,5.33
01-31-24,5.33
02-01-24,5.33
02-02-24,5.33
02-03-24,5.33
02-04-24,5.33
02-05-24,5.33
02-06-24,5.33
02-07-24,5.33
02-08-24,5.33
02-09-24,5.33
02-10-24,5.33
02-11-24,5.33
02-12-24,5.33
02-13-24,5.33
02-14-24,5.33
02-15-24,5.33
02-16-24,5.33
02-17-24,5.33
02-18-24,5.33
02-19-24,5.33
02-20-24,5.33
02-21-24,5.33
02-22-24,5.33
02-23-24,5.33
02-24-24,5.33
02-25-24,5.33
02-26-24,5.33
02-27-24,5.33
02-28-24,5.33
02-29-24,5.33
03-01-24,5.33
03-02-24,5.33
03-03-24,5.33
03-04-24,5.33
03-05-24,5.33
03-06-24,5.33
03-07-24,5.33
03-08-24,5.33
03-09-24,5.33
03-10-24,5.33
03-11-24,5.33
03-12-24,5.33
03-13-24,5.33
03-14-24,5.33
03-15-24,5.33
03-16-24,5.33
03-17-24,5.33
03-18-24,5.33
03-19-24,5.33
03-20-24,5.33
03-21-24,5.33
03-22-24,5.33
03-23-24,5.33
03-24-24,5.33
03-25-24,5.33
03-26-24,5.33
03-27-24,5.33
03-28-24,5.33
03-29-24,5.33
03-30-24,5.33
03-31-24,5.33
04-01-24,5.33
04-02-24,5.33
04-03-24,5.33
04-04-24,5.33
04-05-24,5.33
04-06-24,5.33
04-07-24,5.33
04-08-24,5.33
04-09-24,5.33
04-10-24,5.33
04-11-24,5.33
04-12-24,5.33
04-13-24,5.33
04-14-24,5.33
04-15-24,5.33
04-16-24,5.33
04-17-24,5.33
04-18-24,5.33
04-19-24,5.33
04-20-24,5.33
04-21-24,5.33
04-22-24,5.33
04-23-24,5.33
04-24-24,5.33
04-25-24,5.33
04-26-24,5.33
04-27-24,5.33
04-28-24,5.33
04-29-24,5.33
04-30-24,5.33
05-01-24,5.33
05-02-24,5.33
05-03-24,5.33
05-04-24,5.33
05-05-24,5.33
05-06-24,5.33
05-07-24,5.33
05-08-24,5.33
05-09-24,5.33
05-10-24,5.33
05-11-24,5.33
05-12-24,5.33
05-13-24,5.33
05-14-24,5.33
05-15-24,5.33
05-16-24,5.33
05-17-24,5.33
05-18-24,5.33
05-19-24,5.33
05-20-24,5.33
05-21-24,5.33
05-22-24,5.33
05-23-24,5.33
05-24-24,5.33
05-25-24,5.33
05-26-24,5.33
05-27-24,5.33
05-28-24,5.33
05-29-24,5.33
05-30-24,5.33
05-31-24,5.33
06-01-24,5.33
06-02-24,5.33
06-03-24,5.33
06-04-24,5.33
06-05-24,5.33
06-06-24,5.33
06-07-24,5.33
06-08-24,5.33
06-09-24,5.33
06-10-24,5.33
06-11-24,5.33
06-12-24,5.33
06-13-24,5.33
06-14-24,5.33
06-15-24,5.33
06-16-24,5.33
06-17-24,5.33
06-18-24,5.33
06-19-24,5.33
06-20-24,5.33
06-21-24,5.33
06-22-24,5.33
06-23-24,5.33
06-24-24,5.33
06-25-24,5.33
06-26-24,5.33
06-27-24,5.33
06-28-24,5.33
06-29-24,5.33
06-30-24,5.33
07-01-24,5.33
07-02-24,5.33
07-03-24,5.33
07-04-24,5.33
07-05-24,5.33
07-06-24,5.33
07-07-24,5.33
07-08-24,5.33
07-09-24,5.33
07-10-24,5.33
07-11-24,5.33
07-12-24,5.33
07-13-24,5.33
07-14-24,5.33
07-15-24,5.33
07-16-24,5.33
07-17-24,5.33
07-18-24,5.33
07-19-24,5.33
07-20-24,5.33
07-21-24,5.33
07-22-24,5.33
07-23-24,5.33
07-24-24,5.33
07-25-24,5.33
07-26-24,5.33
07-27-24,5.33
07-28-24,5.33
07-29-24,5.33
07-30-24,5.33
07-31-24,5.33
08-01-24,5.33
08-02-24,5.33
08-03-24,5.33
08-04-24,5.33
08-05-24,5.33
08-06-24,5.33
08-07-24,5.33
08-08-24,5.33
08-09-24,5.33
08-10-24,5.33
08-11-24,5.33
08-12-24,5.33
08-13-24,5.33
08-14-24,5.33
08-15-24,5.33
08-16-24,5.33
08-17-24,5.33
08-18-24,5.33
08-19-24,5.33
08-20-24,5.33
08-21-24,5.33
08-22-24,5.33
08-23-24,5.33
08-24-24,5.33
08-25-24,5.33
08-26-24,5.33
08-27-24,5.33
08-28-24,5.33
08-29-24,5.33
08-30-24,5.33
08-31-24,5.33
09-01-24,5.33
09-02-24,5.33
09-03-24,5.33
09-04-24,5.33
09-05-24,5.33
09-06-24,5.33
09-07-24,5.33
09-08-24,5.33
09-09-24,5.33
09-10-24,5.33
09-11-24,5.33
09-12-24,5.33
09-13-24,5.33
09-14-24,5.33
09-15-24,5.33
09-16-24,5.33
09-17-24,5.33
09-18-24,5.33
09-19-24,4.83
09-20-24,4.83
09-21-24,4.83
09-22-24,4.83
09-23-24,4.83
09-24-24,4.83
09-25-24,4.83
09-26-24,4.83
09-27-24,4.83
09-28-24,4.83
09-29-24,4.83
09-30-24,4.83
10-01-24,4.83
10-02-24,4.83
10-03-24,4.83
10-04-24,4.83
10-05-24,4.83
10-06-24,4.83
10-07-24,4.83
10-08-24,4.83
10-09-24,4.83
10-10-24,4.83
10-11-24,4.83
10-12-24,4.83
10-13-24,4.83
10-14-24,4.83
10-15-24,4.83
10-16-24,4.83
10-17-24,4.83
10-18-24,4.83
10-19-24,4.83
10-20-24,4.83
10-21-24,4.83
10-22-24,4.83
10-23-24,4.83
10-24-24,4.83
10-25-24,4.83
10-26-24,4.83
10-27-24,4.83
10-28-24,4.83
10-29-24,4.83
10-30-24,4.83
10-31-24,4.83
11-01-24,4.83
11-02-24,4.83
11-03-24,4.83
11-04-24,4.83
11-05-24,4.83
11-06-24,4.83
11-07-24,4.83
11-08-24,4.58
11-09-24,4.58
11-10-24,4.58
11-11-24,4.58
11-12-24,4.58
11-13-24,4.58
11-14-24,4.58
11-15-24,4.58
11-16-24,4.58
11-17-24,4.58
11-18-24,4.58
11-19-24,4.58
11-20-24,4.58
11-21-24,4.58
11-22-24,4.58
11-23-24,4.58
11-24-24,4.58
11-25-24,4.58
11-26-24,4.58
11-27-24,4.58
11-28-24,4.58
11-29-24,4.58
11-30-24,4.58
12-01-24,4.58
12-02-24,4.58
12-03-24,4.58
12-04-24,4.58
12-05-24,4.58
12-06-24,4.58
12-07-24,4.58
12-08-24,4.58
12-09-24,4.58
12-10-24,4.58
12-11-24,4.58
12-12-24,4.58
12-13-24,4.58
12-14-24,4.58
12-15-24,4.58
12-16-24,4.58
12-17-24,4.58
12-18-24,4.58
12-19-24,4.33
12-20-24,4.33
12-21-24,4.33
12-22-24,4.33
12-23-24,4.33
12-24-24,4.33
12-25-24,4.33
12-26-24,4.33
12-27-24,4.33
12-28-24,4.33
12-29-24,4.33
12-30-24,4.33
12-31-24,4.33
01-01-25,4.33
01-02-25,4.33
01-03-25,4.33
01-04-25,4.33
01-05-25,4.33
01-06-25,4.33
01-07-25,4.33
01-08-25,4.33
01-09-25,4.33
01-10-25,4.33
01-11-25,4.33
01-12-25,4.33
01-13-25,4.33
01-14-25,4.33
01-15-25,4.33
01-16-25,4.33
01-17-25,4.33
01-18-25,4.33
01-19-25,4.33
01-20-25,4.33
01-21-25,4.33
01-22-25,4.33
01-23-25,4.33
01-24-25,4.33
01-25-25,4.33
01-26-25,4.33
01-27-25,4.33
01-28-25,4.33
01-29-25,4.33
01-30-25,4.33
01-31-25,4.33
02-01-25,4.33
02-02-25,4.33
02-03-25,4.33
02-04-25,4.33
02-05-25,4.33
02-06-25,4.33
02-07-25,4.33
02-08-25,4.33
02-09-25,4.33
02-10-25,4.33
02-11-25,4.33
02-12-25,4.33
02-13-25,4.33
02-14-25,4.33
02-15-25,4.33
02-16-25,4.33
02-17-25,4.33
02-18-25,4.33
02-19-25,4.33
02-20-25,4.33
02-21-25,4.33
02-22-25,4.33
02-23-25,4.33
02-24-25,4.33
02-25-25,4.33
02-26-25,4.33
02-27-25,4.33
02-28-25,4.33
03-01-25,4.33
03-02-25,4.33
03-03-25,4.33
03-04-25,4.33
03-05-25,4.33
03-06-25,4.33
03-07-25,4.33
03-08-25,4.33
03-09-25,4.33
03-10-25,4.33
03-11-25,4.33
03-12-25,4.33
03-13-25,4.33
03-14-25,4.33
03-15-25,4.33
03-16-25,4.33
03-17-25,4.33
03-18-25,4.33
03-19-25,4.33
03-20-25,4.33
03-21-25,4.33
03-22-25,4.33
03-23-25,4.33
03-24-25,4.33
03-25-25,4.33
03-26-25,4.33
03-27-25,4.33
03-28-25,4.33
03-29-25,4.33
03-30-25,4.33
03-31-25,4.33
04-01-25,4.33
04-02-25,4.33
04-03-25,4.33
04-04-25,4.33
04-05-25,4.33
04-06-25,4.33
04-07-25,4.33
04-08-25,4.33
04-09-25,4.33
04-10-25,4.33
04-11-25,4.33
04-12-25,4.33
04-13-25,4.33
04-14-25,4.33
04-15-25,4.33
04-16-25,4.33
04-17-25,4.33
04-18-25,4.33
04-19-25,4.33
04-20-25,4.33
04-21-25,4.33
04-22-25,4.33
04-23-25,4.33
04-24-25,4.33
04-25-25,4.33
04-26-25,4.33
04-27-25,4.33
04-28-25,4.33
04-29-25,4.33
04-30-25,4.33
05-01-25,4.33
05-02-25,4.33
05-03-25,4.33
05-04-25,4.33
05-05-25,4.33
05-06-25,4.33
05-07-25,4.33
05-08-25,4.33
05-09-25,4.33
05-10-25,4.33
05-11-25,4.33
05-12-25,4.33
05-13-25,4.33
05-14-25,4.33
05-15-25,4.33
05-16-25,4.33
05-17-25,4.33
05-18-25,4.33
05-19-25,4.33
05-20-25,4.33
05-21-25,4.33
05-22-25,4.33
05-23-25,4.33
05-24-25,4.33
05-25-25,4.33
05-26-25,4.33
05-27-25,4.33
05-28-25,4.33
05-29-25,4.33
05-30-25,4.33
05-31-25,4.33
06-01-25,4.33
06-02-25,4.33
06-03-25,4.33
06-04-25,4.33
06-05-25,4.33
06-06-25,4.33
06-07-25,4.33
06-08-25,4.33
06-09-25,4.33
06-10-25,4.33
06-11-25,4.33
06-12-25,4.33
06-13-25,4.33
06-14-25,4.33
06-15-25,4.33
06-16-25,4.33
06-17-25,4.33
06-18-25,4.33
06-19-25,4.33
06-20-25,4.33
06-21-25,4.33
06-22-25,4.33
06-23-25,4.33
06-24-25,4.33
06-25-25,4.33
06-26-25,4.33
06-27-25,4.33
06-28-25,4.33
06-29-25,4.33
06-30-25,4.33
07-01-25,4.33
07-02-25,4.33
07-03-25,4.33
07-04-25,4.33
07-05-25,4.33
07-06-25,4.33
07-07-25,4.33
07-08-25,4.33
07-09-25,4.33
07-10-25,4.33
07-11-25,4.33
07-12-25,4.33
07-13-25,4.33
07-14-25,4.33
07-15-25,4.33
07-16-25,4.33
07-17-25,4.33
07-18-25,4.33
07-19-25,4.33
07-20-25,4.33
07-21-25,4.33
07-22-25,4.33
07-23-25,4.33
07-24-25,4.33
07-25-25,4.33
07-26-25,4.33
07-27-25,4.33
07-28-25,4.33
07-29-25,4.33
07-30-25,4.33
07-31-25,4.33
08-01-25,4.33
08-02-25,4.33
08-03-25,4.33
08-04-25,4.33
08-05-25,4.33
08-06-25,4.33
08-07-25,4.33
08-08-25,4.33
08-09-25,4.33
08-10-25,4.33
08-11-25,4.33
08-12-25,4.33
08-13-25,4.33
08-14-25,4.33
08-15-25,4.33
08-16-25,4.33
08-17-25,4.33
08-18-25,4.33
08-19-25,4.33
08-20-25,4.33
08-21-25,4.33
08-22-25,4.33
08-23-25,4.33
08-24-25,4.33
08-25-25,4.33
08-26-25,4.33
08-27-25,4.33
08-28-25,4.33
08-29-25,4.33
08-30-25,4.33
08-31-25,4.33
09-01-25,4.33
09-02-25,4.33
09-03-25,4.33
09-04-25,4.33
09-05-25,4.33
09-06-25,4.33
09-07-25,4.33
09-08-25,4.33
09-09-25,4.33
09-10-25,4.33
09-11-25,4.33
09-12-25,4.33
09-13-25,4.33
09-14-25,4.33
09-15-25,4.33
09-16-25,4.33
09-17-25,4.33
09-18-25,4.08
09-19-25,4.08
09-20-25,4.08
09-21-25,4.08
09-22-25,4.09
09-23-25,4.09
09-24-25,4.09
09-25-25,4.09
09-26-25,4.09
09-27-25,4.09
09-28-25,4.09
09-29-25,4.09
09-30-25,4.09
10-01-25,4.09
10-02-25,4.09
10-03-25,4.09
10-04-25,4.09
10-05-25,4.09
10-06-25,4.09
10-07-25,4.09
10-08-25,4.1